Workbook

Sheet 累積半月報
A1: 縣市 | B1: 業者 | C1: 代租代管 | I1: 包租包管 | P1: 總計
C2: 媒合費 | D2: 代管費 | E2: 修繕費 | F2: 公證費 | G2: 租補費 | H2: 合計 | I2: 開發費 | J2: 包管費 | K2: 修繕費 | L2: 保險費 | M2: 公證費 | N2: 租補費 | O2: 合計
A3: 哪個縣市 | B3: 業者名稱 | C3: ='代租 '!#REF! -> #REF! | D3: ='代租 '!#REF! -> #REF! | E3: ='代租 '!#REF! -> #REF! | F3: ='代租 '!#REF! -> #REF! | G3: ='代租 '!#REF! -> #REF! | H3: =SUM(C3:G3) -> #REF! | I3: ='包租 '!#REF! -> #REF! | J3: ='包租 '!#REF! -> #REF! | K3: ='包租 '!#REF! -> #REF! | L3: ='包租 '!#REF! -> #REF! | M3: ='包租 '!#REF! -> #REF! | N3: ='包租 '!#REF! -> #REF! | O3: =SUM(I3:N3) -> #REF! | P3: =SUM(H3:H8,O3:O8) -> #REF!
C4: ='代租 '!#REF! -> #REF! | D4: ='代租 '!#REF! -> #REF! | E4: ='代租 '!#REF! -> #REF! | F4: ='代租 '!#REF! -> #REF! | G4: ='代租 '!#REF! -> #REF! | H4: =SUM(C4:G4) -> #REF! | I4: ='包租 '!#REF! -> #REF! | J4: ='包租 '!#REF! -> #REF! | K4: ='包租 '!#REF! -> #REF! | L4: ='包租 '!#REF! -> #REF! | M4: ='包租 '!#REF! -> #REF! | N4: ='包租 '!#REF! -> #REF! | O4: =SUM(I4:N4) -> #REF!
C5: ='代租 '!#REF! -> #REF! | D5: ='代租 '!#REF! -> #REF! | E5: ='代租 '!#REF! -> #REF! | F5: ='代租 '!#REF! -> #REF! | G5: ='代租 '!#REF! -> #REF! | H5: =SUM(C5:G5) -> #REF! | I5: ='包租 '!#REF! -> #REF! | J5: ='包租 '!#REF! -> #REF! | K5: ='包租 '!#REF! -> #REF! | L5: ='包租 '!#REF! -> #REF! | M5: ='包租 '!#REF! -> #REF! | N5: ='包租 '!#REF! -> #REF! | O5: =SUM(I5:N5) -> #REF!
C6: ='代租 '!#REF! -> #REF! | D6: ='代租 '!#REF! -> #REF! | E6: ='代租 '!#REF! -> #REF! | F6: ='代租 '!#REF! -> #REF! | G6: ='代租 '!#REF! -> #REF! | H6: =SUM(C6:G6) -> #REF! | I6: =SUM('包租 '!#REF!) -> #REF! | J6: =SUM('包租 '!#REF!) -> #REF! | K6: =SUM('包租 '!#REF!) -> #REF! | L6: =SUM('包租 '!#REF!) -> #REF! | M6: =SUM('包租 '!#REF!) -> #REF! | N6: =SUM('包租 '!#REF!) -> #REF! | O6: =SUM(I6:N6) -> #REF!
C7: =SUM('代租 '!#REF!) -> #REF! | D7: ='代租 '!#REF! -> #REF! | E7: ='代租 '!#REF! -> #REF! | F7: ='代租 '!#REF! -> #REF! | G7: ='代租 '!#REF! -> #REF! | H7: =SUM(C7:G7) -> #REF! | I7: ='包租 '!#REF! -> #REF! | J7: ='包租 '!#REF! -> #REF! | K7: ='包租 '!#REF! -> #REF! | L7: ='包租 '!#REF! -> #REF! | M7: ='包租 '!#REF! -> #REF! | N7: ='包租 '!#REF! -> #REF! | O7: =SUM(I7:N7) -> #REF!
C8: ='代租 '!Q16 -> 56000 | D8: ='代租 '!S17 -> 65600 | E8: ='代租 '!CZ17 -> 20800 | F8: ='代租 '!EW17 -> 4500 | G8: ='代租 '!FC17 -> 0 | H8: =SUM(C8:G8) -> 146900 | I8: ='包租 '!S30 -> 40000 | J8: ='包租 '!AA31 -> 51000 | K8: ='包租 '!DB31 -> 10000 | L8: ='包租 '!DK30 -> 1919 | M8: ='包租 '!FE31 -> 8000 | N8: ='包租 '!FK31 -> 0 | O8: =SUM(I8:N8) -> 110919

Sheet 半月報
A1: 業者 | B1: 出租人補助費(表單4) | E1: 承租人補助費(表單7) | G1: 服務費（表單8） | L1: 各業者服務費(不含公證費)
B2: 居家安全保險費 | C2: 公證費 | D2: 修繕費 | E2: 公證費 | F2: 租金補助 | G2: 公證費 | H2: 開發費 | I2: 包管費 | J2: 媒合費 | K2: 代管費
A3: 業者名稱 | D3: =SUM('包租 '!#REF!) -> #REF! | E3: =SUM('包租 '!#REF!) -> #REF! | H3: =SUM('包租 '!#REF!) -> #REF! | I3: =SUM('包租 '!#REF!) -> #REF! | J3: =SUM('代租 '!#REF!) -> #REF! | K3: =SUM('代租 '!#REF!) -> #REF! | L3: =SUM(H3:K3) -> #REF!
L4: =SUM(H4:K4) -> 0
L5: =SUM(H5:K5) -> 0
E6: =SUM('包租 '!#REF!) -> #REF! | F6: =SUM('包租 '!#REF!) -> #REF! | H6: =SUM('包租 '!#REF!) -> #REF! | I6: =SUM('包租 '!#REF!) -> #REF! | J6: =SUM('代租 '!#REF!) -> #REF! | K6: =SUM('代租 '!#REF!) -> #REF! | L6: =SUM(H6:K6) -> #REF!
E7: =SUM('包租 '!#REF!) -> #REF! | F7: ='包租 '!#REF! -> #REF! | H7: =SUM('包租 '!#REF!) -> #REF! | I7: ='包租 '!#REF! -> #REF! | J7: ='代租 '!#REF! -> #REF! | K7: ='代租 '!#REF! -> #REF! | L7: =SUM(H7:K7) -> #REF!
E8: ='包租 '!FE33 -> #REF! | F8: ='包租 '!FK33 -> 0 | H8: ='包租 '!S32 -> 21000 | I8: ='包租 '!AA32 -> 3000 | J8: ='代租 '!Q18 -> 56000 | K8: ='代租 '!S18 -> 8200 | L8: =SUM(H8:K8) -> 88200
A9: 總計 | B9: =SUM(B3:B8) -> 0 | C9: =SUM(C3:C8) -> 0 | D9: =SUM(D3:D8) -> #REF! | E9: =SUM(E3:E8) -> #REF! | F9: =SUM(F3:F8) -> #REF! | G9: =SUM(G3:G8) -> 0 | H9: =SUM(H3:H8) -> #REF! | I9: =SUM(I3:I8) -> #REF! | ... L9: =SUM(L3:L8) -> #REF!
C10: 公證費合計 | E10: =C9+E9 -> #REF! | J10: 總計撥付款項 | L10: =SUM(B9:K9) -> #REF!

Sheet 代租 
A1: 序號 | B1: 業者 | C1: 轉期/換居 | G1: 租賃契約資料 | Q1: 業者 | CM1: 房東 | EA1: 房客
D2: 媒合編號 | E2: 異動原因 (例：自然終止、中止租約) | F2: 自然/中止租約日期(xxx-xx-xx) | G2: 房屋座落地址 | H2: 行政區 | I2: 地段 | J2: 地號(xxxx-xxxx/xxxx-xxxx) | K2: 建號(xxxxx-xxxx) | L2: 謄本面積 (m²) | M2: 租賃範圍 (全部/部分) | N2: 租約起日(xxx/xx/xx) | O2: 租約訖日(xxx/xx/xx) | P2: 簽約租金 | Q2: 媒合費 | S2: 第一年代管費 | AQ2: 第二年代管費 | BO2: 第三年代管費 | CM2: 房東姓名(代表人) | CN2: 基本資料 | CR2: 房東姓名(共有人/共有人) | CS2: 身分證(共有人/共有人) | CT2: 公證費(1) | CV2: 公證費(2) | CX2: 公證費(3) | CZ2: 修繕費 | EA2: 代表人匯款資料 | EF2: 代表人家庭成員 | EO2: 共住人/共住人匯款資料 | ET2: 共住人家庭成員 | EW2: 公證費(1) | EY2: 公證費(2) | FA2: 公證費(3) | FC2: 第一年租金補貼 | GA2: 第二年租金補貼 | GY2: 第三年租金補貼
Q3: 媒合費 | R3: 撥款日期(xxx-xx-xx) | S3: 第一期 | U3: 第二期 | W3: 第三期 | Y3: 第四期 | AA3: 第五期 | AC3: 第六期 | AE3: 第七期 | AG3: 第八期 | AI3: 第九期 | AK3: 第十期 | AM3: 第十一期 | AO3: 第十二期 | AQ3: 第十三期 | AS3: 第十四期 | AU3: 第十五期 | AW3: 第十六期 | AY3: 第十七期 | BA3: 第十八期 | BC3: 第十九期 | BE3: 第二十期 | BG3: 第二十一期 | BI3: 第二十二期 | BK3: 第二十三期 | BM3: 第二十四期 | BO3: 第二十五期 | BQ3: 第二十六期 | BS3: 第二十七期 | BU3: 第二十八期 | BW3: 第二十九期 | BY3: 第三十期 | CA3: 第三十一期 | CC3: 第三十二期 | CE3: 第三十三期 | CG3: 第三十四期 | CI3: 第三十五期 | CK3: 第三十六期 | CN3: 身分證(代表人) | CO3: 銀行代碼 (7碼) | CP3: 帳號 | CQ3: 通訊地址 | CT3: 公證費 | CU3: 撥款日期(xxx-xx-xx) | CV3: 公證費 | CW3: 撥款日期 | CX3: 公證費 | CY3: 撥款日期 | CZ3: 第一年(1) | DB3: 第一年(2) | DD3: 第一年(3) | DF3: 第一年(4) | DH3: 修繕費餘額 | DI3: 第二年(1) | DK3: 第二年(2) | DM3: 第二年(3) | DO3: 第二年(4) | DQ3: 修繕費餘額 | DR3: 第三年(1) | DT3: 第三年(2) | DV3: 第三年(3) | DX3: 第三年(4) | DZ3: 修繕費餘額 | EA3: 房客姓名 | EB3: 身分別 | EC3: 身分證 | ED3: 銀行代碼 (7碼) | EE3: 帳號 | EF3: 親屬姓名(1) | EI3: 親屬姓名(2) | EL3: 親屬姓名(3) | EO3: 房客姓名 | EP3: 身分別 | EQ3: 身分證 | ER3: 銀行代碼 (7碼) | ES3: 帳號 | ET3: 親屬姓名 | EW3: 公證費 | EX3: 撥款日期(xxx-xx-xx) | EY3: 公證費 | EZ3: 撥款日期 | FA3: 公證費 | FB3: 撥款日期 | FC3: 第一期 | FE3: 第二期 | FG3: 第三期 | FI3: 第四期 | FK3: 第五期 | FM3: 第六期 | FO3: 第七期 | FQ3: 第八期 | FS3: 第九期 | FU3: 第十期 | FW3: 第十一期 | FY3: 第十二期 | GA3: 第十三期 | GC3: 第十四期 | GE3: 第十五期 | GG3: 第十六期 | GI3: 第十七期 | GK3: 第十八期 | GM3: 第十九期 | GO3: 第二十期 | GQ3: 第二十一期 | GS3: 第二十二期 | GU3: 第二十三期 | GW3: 第二十四期 | GY3: 第二十五期 | HA3: 第二十六期 | HC3: 第二十七期 | HE3: 第二十八期 | HG3: 第二十九期 | HI3: 第三十期 | HK3: 第三十一期 | HM3: 第三十二期 | HO3: 第三十三期 | HQ3: 第三十四期 | HS3: 第三十五期 | HU3: 第三十六期
S4: 代管費 | T4: 撥款日期(xxx-xx-xx) | U4: 代管費 | V4: 撥款日期(xxx-xx-xx) | W4: 代管費 | X4: 撥款日期(xxx-xx-xx) | Y4: 代管費 | Z4: 撥款日期(xxx-xx-xx) | AA4: 代管費 | AB4: 撥款日期(xxx-xx-xx) | AC4: 代管費 | AD4: 撥款日期(xxx-xx-xx) | AE4: 代管費 | AF4: 撥款日期(xxx-xx-xx) | AG4: 代管費 | AH4: 撥款日期(xxx-xx-xx) | AI4: 代管費 | AJ4: 撥款日期(xxx-xx-xx) | AK4: 代管費 | AL4: 撥款日期(xxx-xx-xx) | AM4: 代管費 | AN4: 撥款日期(xxx-xx-xx) | AO4: 代管費 | AP4: 撥款日期(xxx-xx-xx) | AQ4: 代管費 | AR4: 撥款日期 | AS4: 代管費 | AT4: 撥款日期 | AU4: 代管費 | AV4: 撥款日期 | AW4: 代管費 | AX4: 撥款日期 | AY4: 代管費 | AZ4: 撥款日期 | BA4: 代管費 | BB4: 撥款日期 | BC4: 代管費 | BD4: 撥款日期 | BE4: 代管費 | BF4: 撥款日期 | BG4: 代管費 | BH4: 撥款日期 | BI4: 代管費 | BJ4: 撥款日期 | BK4: 代管費 | BL4: 撥款日期 | BM4: 代管費 | BN4: 撥款日期 | BO4: 代管費 | BP4: 撥款日期 | BQ4: 代管費 | BR4: 撥款日期 | BS4: 代管費 | BT4: 撥款日期 | BU4: 代管費 | BV4: 撥款日期 | BW4: 代管費 | BX4: 撥款日期 | BY4: 代管費 | BZ4: 撥款日期 | CA4: 代管費 | CB4: 撥款日期 | CC4: 代管費 | CD4: 撥款日期 | CE4: 代管費 | CF4: 撥款日期 | CG4: 代管費 | CH4: 撥款日期 | CI4: 代管費 | CJ4: 撥款日期 | CK4: 代管費 | CL4: 撥款日期 | CZ4: 修繕費 | DA4: 撥款日期(xxx-xx-xx) | DB4: 修繕費 | DC4: 撥款日期(xxx-xx-xx) | DD4: 修繕費 | DE4: 撥款日期(xxx-xx-xx) | DF4: 修繕費 | DG4: 撥款日期(xxx-xx-xx) | DI4: 修繕費 | DJ4: 撥款日期 | DK4: 修繕費 | DL4: 撥款日期 | DM4: 修繕費 | DN4: 撥款日期 | DO4: 修繕費 | DP4: 撥款日期 | DR4: 修繕費 | DS4: 撥款日期 | DT4: 修繕費 | DU4: 撥款日期 | DV4: 修繕費 | DW4: 撥款日期 | DX4: 修繕費 | DY4: 撥款日期 | EF4: 姓名 | EG4: 身分證 | EH4: 與代表人關係 | EI4: 姓名 | EJ4: 身分證 | EK4: 與代表人關係 | EL4: 姓名 | EM4: 身分證 | EN4: 與代表人關係 | ET4: 姓名 | EU4: 身分證 | EV4: 與代表人關係 | FC4: 租金補貼 | FD4: 撥款日期(xxx-xx-xx) | FE4: 租金補貼 | FF4: 撥款日期(xxx-xx-xx) | FG4: 租金補貼 | FH4: 撥款日期(xxx-xx-xx) | FI4: 租金補貼 | FJ4: 撥款日期(xxx-xx-xx) | FK4: 租金補貼 | FL4: 撥款日期(xxx-xx-xx) | FM4: 租金補貼 | FN4: 撥款日期(xxx-xx-xx) | FO4: 租金補貼 | FP4: 撥款日期(xxx-xx-xx) | FQ4: 租金補貼 | FR4: 撥款日期(xxx-xx-xx) | FS4: 租金補貼 | FT4: 撥款日期(xxx-xx-xx) | FU4: 租金補貼 | FV4: 撥款日期(xxx-xx-xx) | FW4: 租金補貼 | FX4: 撥款日期(xxx-xx-xx) | FY4: 租金補貼 | FZ4: 撥款日期(xxx-xx-xx) | GA4: 租金補貼 | GB4: 撥款日期 | GC4: 租金補貼 | GD4: 撥款日期 | GE4: 租金補貼 | GF4: 撥款日期 | GG4: 租金補貼 | GH4: 撥款日期 | GI4: 租金補貼 | GJ4: 撥款日期 | GK4: 租金補貼 | GL4: 撥款日期 | GM4: 租金補貼 | GN4: 撥款日期 | GO4: 租金補貼 | GP4: 撥款日期 | GQ4: 租金補貼 | GR4: 撥款日期 | GS4: 租金補貼 | GT4: 撥款日期 | GU4: 租金補貼 | GV4: 撥款日期 | GW4: 租金補貼 | GX4: 撥款日期 | GY4: 租金補貼 | GZ4: 撥款日期 | HA4: 租金補貼 | HB4: 撥款日期 | HC4: 租金補貼 | HD4: 撥款日期 | HE4: 租金補貼 | HF4: 撥款日期 | HG4: 租金補貼 | HH4: 撥款日期 | HI4: 租金補貼 | HJ4: 撥款日期 | HK4: 租金補貼 | HL4: 撥款日期 | HM4: 租金補貼 | HN4: 撥款日期 | HO4: 租金補貼 | HP4: 撥款日期 | HQ4: 租金補貼 | HR4: 撥款日期 | HS4: 租金補貼 | HT4: 撥款日期 | HU4: 租金補貼 | HV4: 撥款日期
A5: =ROW()-4 -> 1 | B5: 易居台北 | D5: 易居臺北A2M10500005 | G5: 臺北市信義區和平東路三段427號2樓 | H5: =MID(G5,4,3) -> 信義區 | I5: 犂和段四小段 | J5: 0017-0022 | K5: 03272-000 | L5: 109.1 | M5: 全部 | N5: 45946 | O5: =N5+364 -> 46310 | P5: 30000 | Q5: 12000 | R5: 46011 | S5: =IF(D5="","",IF($EB5=0,1700,2400)) -> 1700 | T5: 46011 | U5: =S5 -> 1700 | V5: 115-01-20 | W5: =U5 -> 1700 | X5: 115-02-26 | Y5: =W5 -> 1700 | Z5: 46101 | AA5: =Y5 -> 1700 | AB5: 46132 | AC5: =AA5 -> 1700 | AD5: 46162 | AE5: =AC5 -> 1700 | AF5: 46195 | AG5: =AE5 -> 1700 | AH5: 46223 | AI5: =AG5 -> 1700 | AJ5: 46254 | CM5: 高銘城 | CN5: A123930584 | CO5: 1020065 | CP5: 0661000172826 | CQ5: 臺北市信義區和平東路三段427號3樓 | DH5: =IF($EB5=0,8000,10000)-CZ5-DB5-DD5-DF5 -> 8000 | DQ5: =IF($EB5=0,8000,10000)-DI5-DK5-DM5-DO5 -> 8000 | DZ5: =IF($EB5=0,8000,10000)-DR5-DT5-DV5-DX5 -> 8000 | EA5: 高均瑋 | EB5: 0 | EC5: A129057324 | ED5: 7000021 | EE5: 00023360577425 | EO5: 李昀襄 | EP5: 0 | EQ5: A229037897 | ER5: 8220107 | ES5: 107540447181
A6: =ROW()-4 -> 2 | D6: 易居臺北A2M10500007 | G6: 臺北市北投區中和街237號3樓之3 | H6: =MID(G6,4,3) -> 北投區 | I6: 開明段二小段 | J6: 0233-0000 | K6: 22320-000 | L6: 36.57 | M6: =IF(G6="","","全部") -> 全部 | N6: 45962 | O6: =IF(N6=0,"",N6+364) -> 46326 | P6: 24000 | Q6: 16000 | R6: 115-01-20 | S6: =IF(D6="","",IF($EB6=0,1700,2400)) -> 2400 | T6: 115-01-20 | U6: =S6 -> 2400 | V6: 115-02-26 | W6: =U6 -> 2400 | X6: 46101 | Y6: =W6 -> 2400 | Z6: 46132 | AA6: =Y6 -> 2400 | AB6: 46162 | AC6: =AA6 -> 2400 | AD6: 46195 | AE6: =AC6 -> 2400 | AF6: 46223 | AG6: =AE6 -> 2400 | AH6: 46254 | CM6: 連天輝 | CN6: A122649780 | CO6: 7000021 | CP6: 00023840144053 | CQ6: 臺北市北投區中和街237號5樓 | CZ6: 10000 | DA6: 115-01-20 | DH6: =IF($EB6=0,8000,10000)-CZ6-DB6-DD6-DF6 -> 0 | DQ6: =IF($EB6=0,8000,10000)-DI6-DK6-DM6-DO6 -> 10000 | DZ6: =IF($EB6=0,8000,10000)-DR6-DT6-DV6-DX6 -> 10000 | EA6: 劉送 | EB6: 1 | EC6: A203493948 | ED6: 0095067 | EE6: 50675102140600
A7: =ROW()-4 -> 3 | D7: 易居臺北A2M10500008 | E7: 中止租約 | F7: 115/05/31 | G7: 臺北市北投區中和街237號4樓之3 | H7: =MID(G7,4,3) -> 北投區 | I7: 開明段二小段 | J7: 0233-0000 | K7: 22326-000 | L7: 36.57 | M7: =IF(G7="","","全部") -> 全部 | N7: 45962 | O7: =IF(N7=0,"",N7+364) -> 46326 | P7: 24000 | Q7: 12000 | R7: 115-01-20 | S7: =IF(D7="","",IF($EB7=0,1700,2400)) -> 1700 | T7: 115-01-20 | U7: =S7 -> 1700 | V7: 115-02-26 | W7: =U7 -> 1700 | X7: 46101 | Y7: =W7 -> 1700 | Z7: 46132 | AA7: =Y7 -> 1700 | AB7: 46162 | AC7: =AA7 -> 1700 | AD7: 46195 | AE7: =AC7 -> 1700 | AF7: 46223 | AG7: - | AH7: - | AI7: - | AJ7: - | AK7: - | AL7: - | AM7: - | AN7: - | AO7: - | AP7: - | CM7: 李祐安 | CN7: A129083262 | CO7: 7000021 | CP7: 00023191046150 | CQ7: 臺北市北投區中和街237號4樓之1 | CR7: 李亞臻 | CS7: A228442278 | CT7: 4500 | CU7: 115-01-20 | CZ7: 800 | DA7: 115-01-20 | DH7: =IF($EB7=0,8000,10000)-CZ7-DB7-DD7-DF7 -> 7200 | DQ7: =IF($EB7=0,8000,10000)-DI7-DK7-DM7-DO7 -> 8000 | DZ7: =IF($EB7=0,8000,10000)-DR7-DT7-DV7-DX7 -> 8000 | EA7: 謝暖暖 | EB7: 0 | EC7: A222909014 | ED7: 0123109 | EE7: 00310168032314
A8: =ROW()-4 -> 4 | D8: 易居臺北A2M10500026 | G8: 臺北市中山區新生北路一段90號12樓 | H8: =MID(G8,4,3) -> 中山區 | I8: 正義段一小段 | J8: 0705-0000 | K8: 02826-000 | L8: 51.2 | M8: =IF(G8="","","全部") -> 全部 | N8: 45977 | O8: =N8+365+365+365 -> 47072 | P8: 10000 | Q8: 16000 | R8: 115-01-20 | S8: =IF(D8="","",IF($EB8=0,1700,2400)) -> 2400 | T8: 115-01-20 | U8: =S8 -> 2400 | V8: 115-02-26 | W8: =U8 -> 2400 | X8: 46101 | Y8: =W8 -> 2400 | Z8: 46132 | AA8: =Y8 -> 2400 | AB8: 46162 | AC8: =AA8 -> 2400 | AD8: 46195 | AE8: =AC8 -> 2400 | AF8: 46223 | AG8: =AE8 -> 2400 | AH8: 46254 | CM8: 林雲潔 | CN8: F225568823 | CO8: 8050023 | CP8: 06200450010725 | CQ8: 臺北市中山區撫順街41巷3號6樓之1 | CR8: 呂甘霖 | CS8: A129691120 | CZ8: 10000 | DA8: 115-02-26 | DH8: =IF($EB8=0,8000,10000)-CZ8-DB8-DD8-DF8 -> 0 | DQ8: =IF($EB8=0,8000,10000)-DI8-DK8-DM8-DO8 -> 10000 | DZ8: =IF($EB8=0,8000,10000)-DR8-DT8-DV8-DX8 -> 10000 | EA8: 王宭 | EB8: 1 | EC8: F121886962 | ED8: 0122032 | EE8: 00203168043820
A9: =ROW()-4 -> 5 | H9: =MID(G9,4,3) | M9: =IF(G9="","","全部") | O9: =IF(N9=0,"",N9+364) | S9: =IF(D9="","",IF($EB9=0,1700,2400)) | DQ9: =IF($EB9=0,8000,10000)-DI9-DK9-DM9-DO9 -> 8000 | DZ9: =IF($EB9=0,8000,10000)-DR9-DT9-DV9-DX9 -> 8000
A10: =ROW()-4 -> 6 | H10: =MID(G10,4,3) | M10: =IF(G10="","","全部") | O10: =IF(N10=0,"",N10+364) | S10: =IF(D10="","",IF($EB10=0,1700,2400)) | DQ10: =IF($EB10=0,8000,10000)-DI10-DK10-DM10-DO10 -> 8000 | DZ10: =IF($EB10=0,8000,10000)-DR10-DT10-DV10-DX10 -> 8000
A11: =ROW()-4 -> 7 | H11: =MID(G11,4,3) | M11: =IF(G11="","","全部") | O11: =IF(N11=0,"",N11+364) | S11: =IF(D11="","",IF($EB11=0,1700,2400)) | DQ11: =IF($EB11=0,8000,10000)-DI11-DK11-DM11-DO11 -> 8000 | DZ11: =IF($EB11=0,8000,10000)-DR11-DT11-DV11-DX11 -> 8000
A12: =ROW()-4 -> 8 | H12: =MID(G12,4,3) | M12: =IF(G12="","","全部") | O12: =IF(N12=0,"",N12+364) | S12: =IF(D12="","",IF($EB12=0,1700,2400)) | DQ12: =IF($EB12=0,8000,10000)-DI12-DK12-DM12-DO12 -> 8000 | DZ12: =IF($EB12=0,8000,10000)-DR12-DT12-DV12-DX12 -> 8000
A13: =ROW()-4 -> 9 | H13: =MID(G13,4,3) | M13: =IF(G13="","","全部") | O13: =IF(N13=0,"",N13+364) | S13: =IF(D13="","",IF($EB13=0,1700,2400)) | DQ13: =IF($EB13=0,8000,10000)-DI13-DK13-DM13-DO13 -> 8000 | DZ13: =IF($EB13=0,8000,10000)-DR13-DT13-DV13-DX13 -> 8000
A14: =ROW()-4 -> 10 | H14: =MID(G14,4,3) | M14: =IF(G14="","","全部") | O14: =IF(N14=0,"",N14+364) | S14: =IF(D14="","",IF($EB14=0,1700,2400)) | DQ14: =IF($EB14=0,8000,10000)-DI14-DK14-DM14-DO14 -> 8000 | DZ14: =IF($EB14=0,8000,10000)-DR14-DT14-DV14-DX14 -> 8000
A15: =ROW()-4 -> 11 | H15: =MID(G15,4,3) | M15: =IF(G15="","","全部") | O15: =IF(N15=0,"",N15+364) | S15: =IF(D15="","",IF($EB15=0,1700,2400)) | DQ15: =IF($EB15=0,8000,10000)-DI15-DK15-DM15-DO15 -> 8000 | DZ15: =IF($EB15=0,8000,10000)-DR15-DT15-DV15-DX15 -> 8000
D16: 各計 | Q16: =SUM(Q5:Q15) -> 56000 | S16: =SUM(S5:S15) -> 8200 | U16: =SUM(U5:U15) -> 8200 | W16: =SUM(W5:W15) -> 8200 | Y16: =SUM(Y5:Y15) -> 8200 | AA16: =SUM(AA5:AA15) -> 8200 | AC16: =SUM(AC5:AC15) -> 8200 | AE16: =SUM(AE5:AE15) -> 8200 | AG16: =SUM(AG5:AG15) -> 6500 | AI16: =SUM(AI5:AI15) -> 1700 | AK16: =SUM(AK5:AK15) -> 0 | AM16: =SUM(AM5:AM15) -> 0 | AO16: =SUM(AO5:AO15) -> 0 | CT16: =SUM(CT5:CT15) -> 4500 | CZ16: =SUM(CZ5:CZ15) -> 20800 | DB16: =SUM(DB5:DB15) -> 0 | DD16: =SUM(DD5:DD15) -> 0 | DF16: =SUM(DF5:DF15) -> 0 | EW16: =SUM(EW5:EW15) -> 0 | FC16: =SUM(FC5:FC15) -> 0 | FE16: =SUM(FE5:FE15) -> 0 | FG16: =SUM(FG5:FG15) -> 0 | FI16: =SUM(FI5:FI15) -> 0 | FK16: =SUM(FK5:FK15) -> 0 | FM16: =SUM(FM5:FM15) -> 0 | FO16: =SUM(FO5:FO15) -> 0 | FQ16: =SUM(FQ5:FQ15) -> 0 | FS16: =SUM(FS5:FS15) -> 0 | FU16: =SUM(FU5:FU15) -> 0 | FW16: =SUM(FW5:FW15) -> 0 | FY16: =SUM(FY5:FY15) -> 0
D17: 總計 | S17: =SUM(S16:AP16) -> 65600 | CZ17: =SUM(CZ16:DG16) -> 20800 | EW17: =SUM(EW16,CT16) -> 4500 | FC17: =SUM(FC16:FZ16) -> 0
D18: 本期 | Q18: =SUM(Q5:Q15) -> 56000 | S18: =SUM(S5:S15) -> 8200 | U18: =SUM(U5:U15) -> 8200 | W18: =SUM(W5:W15) -> 8200 | Y18: =SUM(Y5:Y15) -> 8200 | AA18: =SUM(AA5:AA15) -> 8200 | AC18: =SUM(AC5:AC15) -> 8200 | AE18: =SUM(AE5:AE15) -> 8200 | AG18: =SUM(AG5:AG15) -> 6500 | AI18: =SUM(AI5:AI15) -> 1700 | AK18: =SUM(AK5:AK15) -> 0 | AM18: =SUM(AM5:AM15) -> 0 | AO18: =SUM(AO5:AO15) -> 0 | AQ18: =SUM(AQ5:AQ15) -> 0 | AS18: =SUM(AS5:AS15) -> 0 | AU18: =SUM(AU5:AU15) -> 0 | AW18: =SUM(AW5:AW15) -> 0 | AY18: =SUM(AY5:AY15) -> 0 | BA18: =SUM(BA5:BA15) -> 0 | BC18: =SUM(BC5:BC15) -> 0 | BE18: =SUM(BE5:BE15) -> 0 | BG18: =SUM(BG5:BG15) -> 0 | BI18: =SUM(BI5:BI15) -> 0 | BK18: =SUM(BK5:BK15) -> 0 | BM18: =SUM(BM5:BM15) -> 0 | BO18: =SUM(BO5:BO15) -> 0 | BQ18: =SUM(BQ5:BQ15) -> 0 | BS18: =SUM(BS5:BS15) -> 0 | BU18: =SUM(BU5:BU15) -> 0 | BW18: =SUM(BW5:BW15) -> 0 | BY18: =SUM(BY5:BY15) -> 0 | CA18: =SUM(CA5:CA15) -> 0 | CC18: =SUM(CC5:CC15) -> 0 | CE18: =SUM(CE5:CE15) -> 0 | CG18: =SUM(CG5:CG15) -> 0 | CI18: =SUM(CI5:CI15) -> 0 | CT18: =SUM(CK5:CK15) -> 0 | CV18: =SUM(CM5:CM15) -> 0 | CX18: =SUM(CO5:CO15) -> 0 | CZ18: =SUM(CQ5:CQ15) -> 0 | DB18: =SUM(CS5:CS15) -> 0 | DD18: =SUM(CU5:CU15) -> 0 | DF18: =SUM(CW5:CW15) -> 0 | DI18: =SUM(CZ5:CZ15) -> 20800 | DK18: =SUM(DB5:DB15) -> 0 | DM18: =SUM(DD5:DD15) -> 0 | DO18: =SUM(DF5:DF15) -> 0 | DR18: =SUM(DI5:DI15) -> 0 | DT18: =SUM(DK5:DK15) -> 0 | DV18: =SUM(DM5:DM15) -> 0 | DX18: =SUM(DO5:DO15) -> 0 | FC18: =SUM(ET5:ET15) -> 0 | FE18: =SUM(EV5:EV15) -> 0 | FG18: =SUM(EX5:EX15) -> 0 | FI18: =SUM(EZ5:EZ15) -> 0 | FK18: =SUM(FB5:FB15) -> 0 | FM18: =SUM(FD5:FD15) -> 0 | FO18: =SUM(FF5:FF15) -> 0 | FQ18: =SUM(FH5:FH15) -> 0 | FS18: =SUM(FJ5:FJ15) -> 0 | FU18: =SUM(FL5:FL15) -> 0 | FW18: =SUM(FN5:FN15) -> 0 | FY18: =SUM(FP5:FP15) -> 0

Sheet 包租 
A1: 序號 | B1: 業者 | C1: 轉期/換居 | D1: 代租代管 | G1: 租賃契約資料 | S1: 業者 | CU1: 房東 | EI1: 房客
D2: 媒合編號 | E2: 異動原因 (例：自然終止、中止租約) | F2: 自然/中止租約日期(xxx-xx-xx) | G2: 房屋座落地址 | H2: 行政區 | I2: 地段 | J2: 地號(xxxx-xxxx/xxxx-xxxx) | K2: 建號(xxxxx-xxxx) | L2: 謄本面積 (m²) | M2: 租賃範圍 (全部/部分) | N2: 轉租 約起日(xxx/xx/xx) | O2: 轉租 約訖日(xxx/xx/xx) | P2: 包租 約起日(xxx/xx/xx) | Q2: 包租 約訖日(xxx/xx/xx) | R2: 簽約租金 | S2: 開發費 | U2: 公證費(1) | W2: 公證費(2) | Y2: 公證費(3) | AA2: 第一年包管費 | AY2: 第二年包管費 | BW2: 第三年包管費 | CU2: 房東姓名(代表人) | CV2: 基本資料 | CZ2: 房東姓名(共有人/共有人) | DA2: 身分證(共有人/共有人) | DB2: 修繕費 | DJ2: 修繕費餘額 | DK2: 第一年保險 | DM2: 修繕費 | DU2: 修繕費餘額 | DV2: 第二年保險 | DX2: 修繕費 | EF2: 修繕費餘額 | EG2: 第三年保險 | EI2: 代表人匯款資料 | EN2: 代表人家庭成員 | EW2: 共住人/共住人匯款資料 | FB2: 共住人家庭成員 | FE2: 公證費(1) | FG2: 公證費(2) | FI2: 公證費(3) | FK2: 第一年租金補貼 | GI2: 第二年租金補貼 | HG2: 第三年租金補貼
S3: 開發費 | T3: 撥款日期(xxx-xx-xx) | U3: 公證費 | V3: 撥款日期(xxx-xx-xx) | W3: 公證費 | X3: 撥款日期 | Y3: 公證費 | Z3: 撥款日期 | AA3: 第一期 | AC3: 第二期 | AE3: 第三期 | AG3: 第四期 | AI3: 第五期 | AK3: 第六期 | AM3: 第七期 | AO3: 第八期 | AQ3: 第九期 | AS3: 第十期 | AU3: 第十一期 | AW3: 第十二期 | AY3: 第十三期 | BA3: 第十四期 | BC3: 第十五期 | BE3: 第十六期 | BG3: 第十七期 | BI3: 第十八期 | BK3: 第十九期 | BM3: 第二十期 | BO3: 第二十一期 | BQ3: 第二十二期 | BS3: 第二十三期 | BU3: 第二十四期 | BW3: 第二十五期 | BY3: 第二十六期 | CA3: 第二十七期 | CC3: 第二十八期 | CE3: 第二十九期 | CG3: 第三十期 | CI3: 第三十一期 | CK3: 第三十二期 | CM3: 第三十三期 | CO3: 第三十四期 | CQ3: 第三十五期 | CS3: 第三十六期 | CV3: 身分證(代表人) | CW3: 銀行代碼 (7碼) | CX3: 帳號 | CY3: 通訊地址 | DB3: 第一年(1) | DD3: 第一年(2) | DF3: 第一年(3) | DH3: 第一年(4) | DK3: 保險金額 | DL3: 撥款日期 (xxx-xx-xx) | DM3: 第二年(1) | DO3: 第二年(2) | DQ3: 第二年(3) | DS3: 第二年(4) | DV3: 保險金額 | DW3: 撥款日期 | DX3: 第三年(1) | DZ3: 第三年(2) | EB3: 第三年(3) | ED3: 第三年(4) | EG3: 保險金額 | EH3: 撥款日期 | EI3: 房客姓名 | EJ3: 身分別 | EK3: 身分證 | EL3: 銀行代碼 (7碼) | EM3: 帳號 | EN3: 親屬姓名(1) | EQ3: 親屬姓名(2) | ET3: 親屬姓名(3) | EW3: 房客姓名 | EX3: 身分別 | EY3: 身分證 | EZ3: 銀行代碼 (7碼) | FA3: 帳號 | FB3: 親屬姓名 | FE3: 公證費 | FF3: 撥款日期(xxx-xx-xx) | FG3: 公證費 | FH3: 撥款日期 | FI3: 公證費 | FJ3: 撥款日期 | FK3: 第一期 | FM3: 第二期 | FO3: 第三期 | FQ3: 第四期 | FS3: 第五期 | FU3: 第六期 | FW3: 第七期 | FY3: 第八期 | GA3: 第九期 | GC3: 第十期 | GE3: 第十一期 | GG3: 第十二期 | GI3: 第十三期 | GK3: 第十四期 | GM3: 第十五期 | GO3: 第十六期 | GQ3: 第十七期 | GS3: 第十八期 | GU3: 第十九期 | GW3: 第二十期 | GY3: 第二十一期 | HA3: 第二十二期 | HC3: 第二十三期 | HE3: 第二十四期 | HG3: 第二十五期 | HI3: 第二十六期 | HK3: 第二十七期 | HM3: 第二十八期 | HO3: 第二十九期 | HQ3: 第三十期 | HS3: 第三十一期 | HU3: 第三十二期 | HW3: 第三十三期 | HY3: 第三十四期 | IA3: 第三十五期 | IC3: 第三十六期
AA4: 包管費 | AB4: 撥款日期(xxx-xx-xx) | AC4: 包管費 | AD4: 撥款日期(xxx-xx-xx) | AE4: 包管費 | AF4: 撥款日期(xxx-xx-xx) | AG4: 包管費 | AH4: 撥款日期(xxx-xx-xx) | AI4: 包管費 | AJ4: 撥款日期(xxx-xx-xx) | AK4: 包管費 | AL4: 撥款日期(xxx-xx-xx) | AM4: 包管費 | AN4: 撥款日期(xxx-xx-xx) | AO4: 包管費 | AP4: 撥款日期(xxx-xx-xx) | AQ4: 包管費 | AR4: 撥款日期(xxx-xx-xx) | AS4: 包管費 | AT4: 撥款日期(xxx-xx-xx) | AU4: 包管費 | AV4: 撥款日期(xxx-xx-xx) | AW4: 包管費 | AX4: 撥款日期(xxx-xx-xx) | AY4: 包管費 | AZ4: 撥款日期 | BA4: 包管費 | BB4: 撥款日期 | BC4: 包管費 | BD4: 撥款日期 | BE4: 包管費 | BF4: 撥款日期 | BG4: 包管費 | BH4: 撥款日期 | BI4: 包管費 | BJ4: 撥款日期 | BK4: 包管費 | BL4: 撥款日期 | BM4: 包管費 | BN4: 撥款日期 | BO4: 包管費 | BP4: 撥款日期 | BQ4: 包管費 | BR4: 撥款日期 | BS4: 包管費 | BT4: 撥款日期 | BU4: 包管費 | BV4: 撥款日期 | BW4: 包管費 | BX4: 撥款日期 | BY4: 包管費 | BZ4: 撥款日期 | CA4: 包管費 | CB4: 撥款日期 | CC4: 包管費 | CD4: 撥款日期 | CE4: 包管費 | CF4: 撥款日期 | CG4: 包管費 | CH4: 撥款日期 | CI4: 包管費 | CJ4: 撥款日期 | CK4: 包管費 | CL4: 撥款日期 | CM4: 包管費 | CN4: 撥款日期 | CO4: 包管費 | CP4: 撥款日期 | CQ4: 包管費 | CR4: 撥款日期 | CS4: 包管費 | CT4: 撥款日期 | DB4: 修繕費 | DC4: 撥款日期(xxx-xx-xx) | DD4: 修繕費 | DE4: 撥款日期(xxx-xx-xx) | DF4: 修繕費 | DG4: 撥款日期(xxx-xx-xx) | DH4: 修繕費 | DI4: 撥款日期(xxx-xx-xx) | DM4: 修繕費 | DN4: 撥款日期 | DO4: 修繕費 | DP4: 撥款日期 | DQ4: 修繕費 | DR4: 撥款日期 | DS4: 修繕費 | DT4: 撥款日期 | DX4: 修繕費 | DY4: 撥款日期 | DZ4: 修繕費 | EA4: 撥款日期 | EB4: 修繕費 | EC4: 撥款日期 | ED4: 修繕費 | EE4: 撥款日期 | EN4: 姓名 | EO4: 身分證 | EP4: 與代表人關係 | EQ4: 姓名 | ER4: 身分證 | ES4: 與代表人關係 | ET4: 姓名 | EU4: 身分證 | EV4: 與代表人關係 | FB4: 姓名 | FC4: 身分證 | FD4: 與代表人關係 | FK4: 租金補貼 | FL4: 撥款日期(xxx-xx-xx) | FM4: 租金補貼 | FN4: 撥款日期(xxx-xx-xx) | FO4: 租金補貼 | FP4: 撥款日期(xxx-xx-xx) | FQ4: 租金補貼 | FR4: 撥款日期(xxx-xx-xx) | FS4: 租金補貼 | FT4: 撥款日期(xxx-xx-xx) | FU4: 租金補貼 | FV4: 撥款日期(xxx-xx-xx) | FW4: 租金補貼 | FX4: 撥款日期(xxx-xx-xx) | FY4: 租金補貼 | FZ4: 撥款日期(xxx-xx-xx) | GA4: 租金補貼 | GB4: 撥款日期(xxx-xx-xx) | GC4: 租金補貼 | GD4: 撥款日期(xxx-xx-xx) | GE4: 租金補貼 | GF4: 撥款日期(xxx-xx-xx) | GG4: 租金補貼 | GH4: 撥款日期(xxx-xx-xx) | GI4: 租金補貼 | GJ4: 撥款日期 | GK4: 租金補貼 | GL4: 撥款日期 | GM4: 租金補貼 | GN4: 撥款日期 | GO4: 租金補貼 | GP4: 撥款日期 | GQ4: 租金補貼 | GR4: 撥款日期 | GS4: 租金補貼 | GT4: 撥款日期 | GU4: 租金補貼 | GV4: 撥款日期 | GW4: 租金補貼 | GX4: 撥款日期 | GY4: 租金補貼 | GZ4: 撥款日期 | HA4: 租金補貼 | HB4: 撥款日期 | HC4: 租金補貼 | HD4: 撥款日期 | HE4: 租金補貼 | HF4: 撥款日期 | HG4: 租金補貼 | HH4: 撥款日期 | HI4: 租金補貼 | HJ4: 撥款日期 | HK4: 租金補貼 | HL4: 撥款日期 | HM4: 租金補貼 | HN4: 撥款日期 | HO4: 租金補貼 | HP4: 撥款日期 | HQ4: 租金補貼 | HR4: 撥款日期 | HS4: 租金補貼 | HT4: 撥款日期 | HU4: 租金補貼 | HV4: 撥款日期 | HW4: 租金補貼 | HX4: 撥款日期 | HY4: 租金補貼 | HZ4: 撥款日期 | IA4: 租金補貼 | IB4: 撥款日期 | IC4: 租金補貼 | ID4: 撥款日期
A5: =ROW()-4 -> 1 | D5: 易居臺北A2M30500008 | G5: 臺北市中山區新生北路二段96號11樓之26 | H5: =MID(G5,4,3) -> 中山區 | I5: 吉林段三小段 | J5: 0985-0000/0986-0000 | K5: 03134-000 | L5: 31.76 | M5: =IF(G5>0,"全部","") -> 全部 | N5: 45955 | O5: =N5+364 -> 46319 | P5: 45955 | Q5: =P5+365+365+365 -> 47050 | R5: 18000 | S5: 21000 | T5: 46011 | U5: 3200 | V5: 46011 | AA5: =IF($EJ5=0,3000,4000) -> 3000 | AB5: 46011 | AC5: =IF($EJ5=0,3000,4000) -> 3000 | AD5: 115-01-20 | AE5: =AC5 -> 3000 | AF5: 115-02-26 | AG5: =AE5 -> 3000 | AH5: 46101 | AI5: 3000 | AJ5: 115-04-20 | AK5: =AI5 -> 3000 | AL5: 46162 | AM5: 3000 | AN5: 46195 | AO5: 3000 | AP5: 46223 | AQ5: 3000 | AR5: 46254 | CU5: 徐悅哲 | CV5: A126950695 | CW5: 8071158 | CX5: 11500400203927 | CY5: 臺北市萬華區德昌街262號7樓 | DB5: 850 | DC5: 46011 | DD5: 9150 | DE5: 115-01-20 | DJ5: =IF($EJ5=0,10000,15000)-DB5-DD5-DF5-DH5 -> 0 | DU5: =IF($EJ5=0,10000,15000)-DM5-DO5-DQ5-DS5 -> 10000 | EF5: =IF($EJ5=0,10000,15000)-DX5-DZ5-EB5-ED5 -> 10000 | EI5: 陳芷娸 | EJ5: 0 | EK5: L223774729 | EL5: 0041366 | EM5: 136004048294
A6: =ROW()-4 -> 2 | D6: 易居臺北A2M30500015 | G6: 臺北市士林區福國路50巷6弄9號4樓 | H6: =MID(G6,4,3) -> 士林區 | I6: 蘭雅段二小段 | J6: 0117-0000/0117-0002/0117-0003/0117-0005 | K6: 22153-000 | L6: 56.51 | M6: =IF(G6>0,"全部","") -> 全部 | N6: 45964 | O6: =N6+365+364+366 -> 47059 | P6: 45964 | Q6: =P6+365+364+366 -> 47059 | R6: 19500 | S6: 19000 | T6: 115-01-20 | U6: 4800 | V6: 115-01-20 | AA6: =IF($EJ6=0,3000,4000) -> 3000 | AB6: 115-01-20 | AC6: =AA6 -> 3000 | AD6: 115-02-26 | AE6: =AC6 -> 3000 | AF6: 46101 | AG6: =AE6 -> 3000 | AH6: 115-04-20 | AI6: =AG6 -> 3000 | AJ6: 46162 | AK6: 3000 | AL6: 46195 | AM6: 3000 | AN6: 46223 | AO6: 3000 | AP6: 46254 | CU6: 施力文 | CV6: A124606569 | CW6: 0131195 | CX6: 119506037856 | CY6: 臺北市士林區福國路50巷6弄9號4樓 | DJ6: =IF($EJ6=0,10000,15000)-DB6-DD6-DF6-DH6 -> 10000 | DK6: 1919 | DL6: 115-02-26 | EI6: 吳宛玲 | EJ6: 0 | EK6: F221613336 | EL6: 7000021 | EM6: 00018470326151 | EN6: 姜羽 | EO6: A231689945 | EP6: 女兒
A7: =ROW()-4 -> 3 | H7: =MID(G7,4,3) | M7: =IF(G7>0,"全部","") | DJ7: =IF($EJ7=0,10000,15000)-DB7-DD7-DF7-DH7 -> 10000
A8: =ROW()-4 -> 4 | H8: =MID(G8,4,3) | M8: =IF(G8>0,"全部","") | DJ8: =IF($EJ8=0,10000,15000)-DB8-DD8-DF8-DH8 -> 10000
A9: =ROW()-4 -> 5 | H9: =MID(G9,4,3) | M9: =IF(G9>0,"全部","") | DJ9: =IF($EJ9=0,10000,15000)-DB9-DD9-DF9-DH9 -> 10000
A10: =ROW()-4 -> 6 | H10: =MID(G10,4,3) | M10: =IF(G10>0,"全部","") | DJ10: =IF($EJ10=0,10000,15000)-DB10-DD10-DF10-DH10 -> 10000
A11: =ROW()-4 -> 7 | H11: =MID(G11,4,3) | M11: =IF(G11>0,"全部","") | DJ11: =IF($EJ11=0,10000,15000)-DB11-DD11-DF11-DH11 -> 10000
A12: =ROW()-4 -> 8 | H12: =MID(G12,4,3) | M12: =IF(G12>0,"全部","") | DJ12: =IF($EJ12=0,10000,15000)-DB12-DD12-DF12-DH12 -> 10000
A13: =ROW()-4 -> 9 | H13: =MID(G13,4,3) | M13: =IF(G13>0,"全部","") | DJ13: =IF($EJ13=0,10000,15000)-DB13-DD13-DF13-DH13 -> 10000
A14: =ROW()-4 -> 10 | H14: =MID(G14,4,3) | M14: =IF(G14>0,"全部","") | DJ14: =IF($EJ14=0,10000,15000)-DB14-DD14-DF14-DH14 -> 10000
A15: =ROW()-4 -> 11 | H15: =MID(G15,4,3) | M15: =IF(G15>0,"全部","") | DJ15: =IF($EJ15=0,10000,15000)-DB15-DD15-DF15-DH15 -> 10000
A16: =ROW()-4 -> 12 | H16: =MID(G16,4,3) | M16: =IF(G16>0,"全部","") | DJ16: =IF($EJ16=0,10000,15000)-DB16-DD16-DF16-DH16 -> 10000
A17: =ROW()-4 -> 13 | H17: =MID(G17,4,3) | M17: =IF(G17>0,"全部","") | DJ17: =IF($EJ17=0,10000,15000)-DB17-DD17-DF17-DH17 -> 10000
A18: =ROW()-4 -> 14 | H18: =MID(G18,4,3) | M18: =IF(G18>0,"全部","") | DJ18: =IF($EJ18=0,10000,15000)-DB18-DD18-DF18-DH18 -> 10000
... A29: =ROW()-4 -> 25 | H29: =MID(G29,4,3) | M29: =IF(G29>0,"全部","") | DJ29: =IF($EJ29=0,10000,15000)-DB29-DD29-DF29-DH29 -> 10000
D30: 各計 | S30: =SUM(S5:S29) -> 40000 | U30: =SUM(U5:U29) -> 8000 | AA30: =SUM(AA5:AA29) -> 6000 | AC30: =SUM(AC5:AC29) -> 6000 | AE30: =SUM(AE5:AE29) -> 6000 | AG30: =SUM(AG5:AG29) -> 6000 | AI30: =SUM(AI5:AI29) -> 6000 | AK30: =SUM(AK5:AK29) -> 6000 | AM30: =SUM(AM5:AM29) -> 6000 | AO30: =SUM(AO5:AO29) -> 6000 | AQ30: =SUM(AQ5:AQ29) -> 3000 | AS30: =SUM(AS5:AS29) -> 0 | AU30: =SUM(AU5:AU29) -> 0 | AW30: =SUM(AW5:AW29) -> 0 | DB30: =SUM(DB5:DB29) -> 850 | DD30: =SUM(DD5:DD29) -> 9150 | DF30: =SUM(DF5:DF29) -> 0 | DH30: =SUM(DH5:DH29) -> 0 | DK30: =SUM(DK5:DK29) -> 1919 | FE30: =SUM(FE5:FE29) -> 0 | FK30: =SUM(FK5:FK29) -> 0 | FM30: =SUM(FM5:FM29) -> 0 | FO30: =SUM(FO5:FO29) -> 0 | FQ30: =SUM(FQ5:FQ29) -> 0 | FS30: =SUM(FS5:FS29) -> 0 | FU30: =SUM(FU5:FU29) -> 0 | FW30: =SUM(FW5:FW29) -> 0 | FY30: =SUM(FY5:FY29) -> 0 | GA30: =SUM(GA5:GA29) -> 0 | GC30: =SUM(GC5:GC29) -> 0 | GE30: =SUM(GE5:GE29) -> 0 | GG30: =SUM(GG5:GG29) -> 0
D31: 總計 | AA31: =SUM(AA30:AX30) -> 51000 | DB31: =SUM(DB30:DH30) -> 10000 | FE31: =SUM(FE30,U30) -> 8000 | FK31: =SUM(FK30:GH30) -> 0
D32: 本期 | S32: =SUM(S5) -> 21000 | AA32: =SUM(AA5) -> 3000 | FE32: =SUM(FE5) -> 0
D33: 本期(代＋包) | FE33: =FE32+'代租 '!#REF! -> #REF! | FK33: =FK32+'代租 '!FC18 -> 0
