Workbook

Sheet 累積半月報
A1: 縣市 | B1: 業者 | C1: 代租代管 | I1: 包租包管 | P1: 總計
C2: 媒合費 | D2: 代管費 | E2: 修繕費 | F2: 公證費 | G2: 租補費 | H2: 合計 | I2: 開發費 | J2: 包管費 | K2: 修繕費 | L2: 保險費 | M2: 公證費 | N2: 租補費 | O2: 合計
A3: 哪個縣市 | B3: 業者名稱 | C3: ='代租 '!#REF! -> #REF! | D3: ='代租 '!#REF! -> #REF! | E3: ='代租 '!#REF! -> #REF! | F3: ='代租 '!#REF! -> #REF! | G3: ='代租 '!#REF! -> #REF! | H3: =SUM(C3:G3) -> #REF! | I3: ='包租 '!#REF! -> #REF! | J3: ='包租 '!#REF! -> #REF! | K3: ='包租 '!#REF! -> #REF! | L3: ='包租 '!#REF! -> #REF! | M3: ='包租 '!#REF! -> #REF! | N3: ='包租 '!#REF! -> #REF! | O3: =SUM(I3:N3) -> #REF! | P3: =SUM(H3:H8,O3:O8) -> #REF!
C4: ='代租 '!#REF! -> #REF! | D4: ='代租 '!#REF! -> #REF! | E4: ='代租 '!#REF! -> #REF! | F4: ='代租 '!#REF! -> #REF! | G4: ='代租 '!#REF! -> #REF! | H4: =SUM(C4:G4) -> #REF! | I4: ='包租 '!#REF! -> #REF! | J4: ='包租 '!#REF! -> #REF! | K4: ='包租 '!#REF! -> #REF! | L4: ='包租 '!#REF! -> #REF! | M4: ='包租 '!#REF! -> #REF! | N4: ='包租 '!#REF! -> #REF! | O4: =SUM(I4:N4) -> #REF!
C5: ='代租 '!#REF! -> #REF! | D5: ='代租 '!#REF! -> #REF! | E5: ='代租 '!#REF! -> #REF! | F5: ='代租 '!#REF! -> #REF! | G5: ='代租 '!#REF! -> #REF! | H5: =SUM(C5:G5) -> #REF! | I5: ='包租 '!#REF! -> #REF! | J5: ='包租 '!#REF! -> #REF! | K5: ='包租 '!#REF! -> #REF! | L5: ='包租 '!#REF! -> #REF! | M5: ='包租 '!#REF! -> #REF! | N5: ='包租 '!#REF! -> #REF! | O5: =SUM(I5:N5) -> #REF!
C6: ='代租 '!#REF! -> #REF! | D6: ='代租 '!#REF! -> #REF! | E6: ='代租 '!#REF! -> #REF! | F6: ='代租 '!#REF! -> #REF! | G6: ='代租 '!#REF! -> #REF! | H6: =SUM(C6:G6) -> #REF! | I6: =SUM('包租 '!#REF!) -> #REF! | J6: =SUM('包租 '!#REF!) -> #REF! | K6: =SUM('包租 '!#REF!) -> #REF! | L6: =SUM('包租 '!#REF!) -> #REF! | M6: =SUM('包租 '!#REF!) -> #REF! | N6: =SUM('包租 '!#REF!) -> #REF! | O6: =SUM(I6:N6) -> #REF!
C7: =SUM('代租 '!#REF!) -> #REF! | D7: ='代租 '!#REF! -> #REF! | E7: ='代租 '!#REF! -> #REF! | F7: ='代租 '!#REF! -> #REF! | G7: ='代租 '!#REF! -> #REF! | H7: =SUM(C7:G7) -> #REF! | I7: ='包租 '!#REF! -> #REF! | J7: ='包租 '!#REF! -> #REF! | K7: ='包租 '!#REF! -> #REF! | L7: ='包租 '!#REF! -> #REF! | M7: ='包租 '!#REF! -> #REF! | N7: ='包租 '!#REF! -> #REF! | O7: =SUM(I7:N7) -> #REF!
C8: ='代租 '!Q255 -> 808000 | D8: ='代租 '!S256 -> 2503200 | E8: ='代租 '!CZ256 -> 468860 | F8: ='代租 '!EU256 -> 87750 | G8: ='代租 '!FA256 -> 0 | H8: =SUM(C8:G8) -> 3867810 | I8: ='包租 '!S49 -> 36000 | J8: ='包租 '!AA50 -> 96000 | K8: ='包租 '!DB50 -> 10000 | L8: ='包租 '!DK49 -> 2766 | M8: ='包租 '!FD50 -> 6500 | N8: ='包租 '!FJ50 -> 0 | O8: =SUM(I8:N8) -> 151266

Sheet 半月報
A1: 業者 | B1: 出租人補助費(表單4) | E1: 承租人補助費(表單7) | G1: 服務費（表單8） | L1: 各業者服務費(不含公證費)
B2: 居家安全保險費 | C2: 公證費 | D2: 修繕費 | E2: 公證費 | F2: 租金補助 | G2: 公證費 | H2: 開發費 | I2: 包管費 | J2: 媒合費 | K2: 代管費
A3: 業者名稱 | D3: =SUM('包租 '!#REF!) -> #REF! | E3: =SUM('包租 '!#REF!) -> #REF! | H3: =SUM('包租 '!#REF!) -> #REF! | I3: =SUM('包租 '!#REF!) -> #REF! | J3: =SUM('代租 '!#REF!) -> #REF! | K3: =SUM('代租 '!#REF!) -> #REF! | L3: =SUM(H3:K3) -> #REF!
L4: =SUM(H4:K4) -> 0
L5: =SUM(H5:K5) -> 0
E6: =SUM('包租 '!#REF!) -> #REF! | F6: =SUM('包租 '!#REF!) -> #REF! | H6: =SUM('包租 '!#REF!) -> #REF! | I6: =SUM('包租 '!#REF!) -> #REF! | J6: =SUM('代租 '!#REF!) -> #REF! | K6: =SUM('代租 '!#REF!) -> #REF! | L6: =SUM(H6:K6) -> #REF!
E7: =SUM('包租 '!#REF!) -> #REF! | F7: ='包租 '!#REF! -> #REF! | H7: =SUM('包租 '!#REF!) -> #REF! | I7: ='包租 '!#REF! -> #REF! | J7: ='代租 '!#REF! -> #REF! | K7: ='代租 '!#REF! -> #REF! | L7: =SUM(H7:K7) -> #REF!
E8: ='包租 '!FD52 -> #REF! | F8: ='包租 '!FJ52 -> 0 | H8: ='包租 '!S51 -> #REF! | I8: ='包租 '!AA51 -> #REF! | J8: ='代租 '!Q257 -> 8000 | K8: ='代租 '!S257 -> 4800 | L8: =SUM(H8:K8) -> #REF!
A9: 總計 | B9: =SUM(B3:B8) -> 0 | C9: =SUM(C3:C8) -> 0 | D9: =SUM(D3:D8) -> #REF! | E9: =SUM(E3:E8) -> #REF! | F9: =SUM(F3:F8) -> #REF! | G9: =SUM(G3:G8) -> 0 | H9: =SUM(H3:H8) -> #REF! | I9: =SUM(I3:I8) -> #REF! | ... L9: =SUM(L3:L8) -> #REF!
C10: 公證費合計 | E10: =C9+E9 -> #REF! | J10: 總計撥付款項 | L10: =SUM(B9:K9) -> #REF!

Sheet 代租 
A1: 序號 | B1: 業者 | G1: 租賃契約資料 | Q1: 業者 | CM1: 房東 | EA1: 房客
D2: 媒合編號 | E2: 異動原因 (例：自然終止、中止租約) | F2: 自然/中止租約日期(xxx-xx-xx) | G2: 房屋座落地址 | H2: 行政區 | I2: 地段 | J2: 地號(xxxx-xxxx/xxxx-xxxx) | K2: 建號(xxxxx-xxxx) | L2: 謄本面積 (m²) | M2: 租賃範圍 (全部/部分) | N2: 租約起日(xxx/xx/xx) | O2: 租約訖日(xxx/xx/xx) | P2: 簽約租金 | Q2: 媒合費 | S2: 第一年代管費 | AQ2: 第二年代管費 | BO2: 第三年代管費 | CM2: 房東姓名(代表人) | CN2: 基本資料 | CR2: 房東姓名(共有人/共有人) | CS2: 身分證(共有人/共有人) | CT2: 公證費(1) | CV2: 公證費(2) | CX2: 公證費(3) | CZ2: 修繕費 | EA2: 代表人匯款資料 | EE2: 代表人家庭成員 | EN2: 共住人/共住人匯款資料 | ER2: 共住人家庭成員 | EU2: 公證費(1) | EW2: 公證費(2) | EY2: 公證費(3) | FA2: 第一年租金補貼 | FY2: 第二年租金補貼 | GW2: 第三年租金補貼
Q3: 媒合費 | R3: 撥款日期(xxx-xx-xx) | S3: 第一期 | U3: 第二期 | W3: 第三期 | Y3: 第四期 | AA3: 第五期 | AC3: 第六期 | AE3: 第七期 | AG3: 第八期 | AI3: 第九期 | AK3: 第十期 | AM3: 第十一期 | AO3: 第十二期 | AQ3: 第十三期 | AS3: 第十四期 | AU3: 第十五期 | AW3: 第十六期 | AY3: 第十七期 | BA3: 第十八期 | BC3: 第十九期 | BE3: 第二十期 | BG3: 第二十一期 | BI3: 第二十二期 | BK3: 第二十三期 | BM3: 第二十四期 | BO3: 第二十五期 | BQ3: 第二十六期 | BS3: 第二十七期 | BU3: 第二十八期 | BW3: 第二十九期 | BY3: 第三十期 | CA3: 第三十一期 | CC3: 第三十二期 | CE3: 第三十三期 | CG3: 第三十四期 | CI3: 第三十五期 | CK3: 第三十六期 | CN3: 身分證(代表人) | CO3: 銀行代碼 (7碼) | CP3: 帳號 | CQ3: 通訊地址 | CT3: 公證費 | CU3: 撥款日期(xxx-xx-xx) | CV3: 公證費 | CW3: 撥款日期 | CX3: 公證費 | CY3: 撥款日期 | CZ3: 第一年(1) | DB3: 第一年(2) | DD3: 第一年(3) | DF3: 第一年(4) | DH3: 修繕費餘額 | DI3: 第二年(1) | DK3: 第二年(2) | DM3: 第二年(3) | DO3: 第二年(4) | DQ3: 修繕費餘額 | DR3: 第三年(1) | DT3: 第三年(2) | DV3: 第三年(3) | DX3: 第三年(4) | DZ3: 修繕費餘額 | EA3: 房客姓名 | EB3: 身分證 | EC3: 銀行代碼 (7碼) | ED3: 帳號 | EE3: 親屬姓名(1) | EH3: 親屬姓名(2) | EK3: 親屬姓名(3) | EN3: 房客姓名 | EO3: 身分證 | EP3: 銀行代碼 (7碼) | EQ3: 帳號 | ER3: 親屬姓名 | EU3: 公證費 | EV3: 撥款日期(xxx-xx-xx) | EW3: 公證費 | EX3: 撥款日期 | EY3: 公證費 | EZ3: 撥款日期 | FA3: 第一期 | FC3: 第二期 | FE3: 第三期 | FG3: 第四期 | FI3: 第五期 | FK3: 第六期 | FM3: 第七期 | FO3: 第八期 | FQ3: 第九期 | FS3: 第十期 | FU3: 第十一期 | FW3: 第十二期 | FY3: 第十三期 | GA3: 第十四期 | GC3: 第十五期 | GE3: 第十六期 | GG3: 第十七期 | GI3: 第十八期 | GK3: 第十九期 | GM3: 第二十期 | GO3: 第二十一期 | GQ3: 第二十二期 | GS3: 第二十三期 | GU3: 第二十四期 | GW3: 第二十五期 | GY3: 第二十六期 | HA3: 第二十七期 | HC3: 第二十八期 | HE3: 第二十九期 | HG3: 第三十期 | HI3: 第三十一期 | HK3: 第三十二期 | HM3: 第三十三期 | HO3: 第三十四期 | HQ3: 第三十五期 | HS3: 第三十六期
C4: 滅火器 | S4: 代管費 | T4: 撥款日期(xxx-xx-xx) | U4: 代管費 | V4: 撥款日期(xxx-xx-xx) | W4: 代管費 | X4: 撥款日期(xxx-xx-xx) | Y4: 代管費 | Z4: 撥款日期(xxx-xx-xx) | AA4: 代管費 | AB4: 撥款日期(xxx-xx-xx) | AC4: 代管費 | AD4: 撥款日期(xxx-xx-xx) | AE4: 代管費 | AF4: 撥款日期(xxx-xx-xx) | AG4: 代管費 | AH4: 撥款日期(xxx-xx-xx) | AI4: 代管費 | AJ4: 撥款日期(xxx-xx-xx) | AK4: 代管費 | AL4: 撥款日期(xxx-xx-xx) | AM4: 代管費 | AN4: 撥款日期(xxx-xx-xx) | AO4: 代管費 | AP4: 撥款日期(xxx-xx-xx) | AQ4: 代管費 | AR4: 撥款日期 | AS4: 代管費 | AT4: 撥款日期 | AU4: 代管費 | AV4: 撥款日期 | AW4: 代管費 | AX4: 撥款日期 | AY4: 代管費 | AZ4: 撥款日期 | BA4: 代管費 | BB4: 撥款日期 | BC4: 代管費 | BD4: 撥款日期 | BE4: 代管費 | BF4: 撥款日期 | BG4: 代管費 | BH4: 撥款日期 | BI4: 代管費 | BJ4: 撥款日期 | BK4: 代管費 | BL4: 撥款日期 | BM4: 代管費 | BN4: 撥款日期 | BO4: 代管費 | BP4: 撥款日期 | BQ4: 代管費 | BR4: 撥款日期 | BS4: 代管費 | BT4: 撥款日期 | BU4: 代管費 | BV4: 撥款日期 | BW4: 代管費 | BX4: 撥款日期 | BY4: 代管費 | BZ4: 撥款日期 | CA4: 代管費 | CB4: 撥款日期 | CC4: 代管費 | CD4: 撥款日期 | CE4: 代管費 | CF4: 撥款日期 | CG4: 代管費 | CH4: 撥款日期 | CI4: 代管費 | CJ4: 撥款日期 | CK4: 代管費 | CL4: 撥款日期 | CZ4: 修繕費 | DA4: 撥款日期(xxx-xx-xx) | DB4: 修繕費 | DC4: 撥款日期(xxx-xx-xx) | DD4: 修繕費 | DE4: 撥款日期(xxx-xx-xx) | DF4: 修繕費 | DG4: 撥款日期(xxx-xx-xx) | DI4: 修繕費 | DJ4: 撥款日期 | DK4: 修繕費 | DL4: 撥款日期 | DM4: 修繕費 | DN4: 撥款日期 | DO4: 修繕費 | DP4: 撥款日期 | DR4: 修繕費 | DS4: 撥款日期 | DT4: 修繕費 | DU4: 撥款日期 | DV4: 修繕費 | DW4: 撥款日期 | DX4: 修繕費 | DY4: 撥款日期 | EE4: 姓名 | EF4: 身分證 | EG4: 與代表人關係 | EH4: 姓名 | EI4: 身分證 | EJ4: 與代表人關係 | EK4: 姓名 | EL4: 身分證 | EM4: 與代表人關係 | ER4: 姓名 | ES4: 身分證 | ET4: 與代表人關係 | FA4: 租金補貼 | FB4: 撥款日期(xxx-xx-xx) | FC4: 租金補貼 | FD4: 撥款日期(xxx-xx-xx) | FE4: 租金補貼 | FF4: 撥款日期(xxx-xx-xx) | FG4: 租金補貼 | FH4: 撥款日期(xxx-xx-xx) | FI4: 租金補貼 | FJ4: 撥款日期(xxx-xx-xx) | FK4: 租金補貼 | FL4: 撥款日期(xxx-xx-xx) | FM4: 租金補貼 | FN4: 撥款日期(xxx-xx-xx) | FO4: 租金補貼 | FP4: 撥款日期(xxx-xx-xx) | FQ4: 租金補貼 | FR4: 撥款日期(xxx-xx-xx) | FS4: 租金補貼 | FT4: 撥款日期(xxx-xx-xx) | FU4: 租金補貼 | FV4: 撥款日期(xxx-xx-xx) | FW4: 租金補貼 | FX4: 撥款日期(xxx-xx-xx) | FY4: 租金補貼 | FZ4: 撥款日期 | GA4: 租金補貼 | GB4: 撥款日期 | GC4: 租金補貼 | GD4: 撥款日期 | GE4: 租金補貼 | GF4: 撥款日期 | GG4: 租金補貼 | GH4: 撥款日期 | GI4: 租金補貼 | GJ4: 撥款日期 | GK4: 租金補貼 | GL4: 撥款日期 | GM4: 租金補貼 | GN4: 撥款日期 | GO4: 租金補貼 | GP4: 撥款日期 | GQ4: 租金補貼 | GR4: 撥款日期 | GS4: 租金補貼 | GT4: 撥款日期 | GU4: 租金補貼 | GV4: 撥款日期 | GW4: 租金補貼 | GX4: 撥款日期 | GY4: 租金補貼 | GZ4: 撥款日期 | HA4: 租金補貼 | HB4: 撥款日期 | HC4: 租金補貼 | HD4: 撥款日期 | HE4: 租金補貼 | HF4: 撥款日期 | HG4: 租金補貼 | HH4: 撥款日期 | HI4: 租金補貼 | HJ4: 撥款日期 | HK4: 租金補貼 | HL4: 撥款日期 | HM4: 租金補貼 | HN4: 撥款日期 | HO4: 租金補貼 | HP4: 撥款日期 | HQ4: 租金補貼 | HR4: 撥款日期 | HS4: 租金補貼 | HT4: 撥款日期
A5: =ROW()-4 -> 1 | B5: 易居 | D5: 易居A2M10400002 | E5: 終止租約 | F5: 113-07-05 | G5: 臺北市南港區中南街50號3樓 | H5: =MID(G5,4,3) -> 南港區 | I5: 南港段二小段 | J5: 0769-0001/0770-0000 | K5: 0113-000 | L5: 111.75 | M5: 全部 | N5: =O5-365 -> 45113 | O5: 45478 | P5: 33000 | Q5: 16000 | R5: 112-08-31 | S5: 2400 | T5: 112-08-31 | U5: 2400 | V5: 112-09-15 | W5: 2400 | X5: 112-10-16 | Y5: 2400 | Z5: 112-11-15 | AA5: 2400 | AB5: 112-12-15 | AC5: 2400 | AD5: 112-01-15 | AE5: 2400 | AF5: 113-02-29 | AG5: 2400 | AH5: 113-03-29 | AI5: 2400 | AJ5: 113-04-30 | AK5: 2400 | AL5: 113-05-15 | AM5: 2400 | AN5: 113-06-14 | AO5: 2400 | AP5: 113-07-15 | CM5: 廖德璋 | CN5: F120557935 | CO5: 1180774 | CP5: 07745000091485 | CQ5: 新北市汐止區國興街22巷4號 | CT5: 4500 | CU5: 112-08-31 | CZ5: 1428 | DA5: 112-08-31 | DB5: 4200 | DC5: 113-02-29 | DH5: =10000-DF5-DD5-DB5-CZ5 -> 4372 | EA5: 李奕宏 | EB5: R124795707 | EC5: 0076010 | ED5: 60168114105
A6: =ROW()-4 -> 2 | B6: 易居 | D6: 易居A2M10400007 | E6: 續約 | G6: 臺北市信義區吳興街361巷23弄3號4樓 | H6: =MID(G6,4,3) -> 信義區 | I6: 吳興段一小段 | J6: 0131-0000 | K6: 00403-000 | L6: 71.82 | M6: 全部 | N6: =O6-365 -> 45122 | O6: 45487 | P6: 20000 | Q6: 16000 | R6: 112-08-31 | S6: 2400 | T6: 112-08-31 | U6: 2400 | V6: 112-09-15 | W6: 2400 | X6: 112-10-16 | Y6: 2400 | Z6: 112-11-15 | AA6: 2400 | AB6: 112-12-15 | AC6: 2400 | AD6: 112-01-15 | AE6: 2400 | AF6: 113-02-29 | AG6: 2400 | AH6: 113-03-29 | AI6: 2400 | AJ6: 113-04-30 | AK6: 2400 | AL6: 113-05-15 | AM6: 2400 | AN6: 113-06-14 | AO6: 2400 | AP6: 113-07-15 | CM6: 蘇范竹英 | CN6: J201653373 | CO6: 1300156 | CP6: 01500400000037 | CQ6: 新竹縣芎林鄉文山路646巷2號 | DH6: =10000-DF6-DD6-DB6-CZ6 -> 10000 | EA6: 劉月萍 | EB6: J220804998 | EC6: 7000021 | ED6: 00613390629114
A7: =ROW()-4 -> 3 | B7: 易居 | D7: 易居A2M10400011 | E7: 續約 | G7: 臺北市內湖區康樂街48巷25號5樓 | H7: =MID(G7,4,3) -> 內湖區 | I7: 東湖段一小段 | J7: 0022-0023 | K7: 02793-000 | L7: 108.46 | M7: 全部 | N7: =O7-365 -> 45126 | O7: 45491 | P7: 23000 | Q7: 8000 | R7: 112-09-15 | S7: 2400 | T7: 112-09-15 | U7: 2400 | V7: 112-09-28 | W7: 2400 | X7: 112-10-31 | Y7: 2400 | Z7: 112-11-30 | AA7: 2400 | AB7: 112-12-29 | AC7: 2400 | AD7: 112-01-15 | AE7: 2400 | AF7: 113-02-29 | AG7: 2400 | AH7: 113-03-29 | AI7: 2400 | AJ7: 113-04-30 | AK7: 2400 | AL7: 113-05-15 | AM7: 2400 | AN7: 113-06-28 | AO7: 2400 | AP7: 113-07-31 | CM7: 鄭婷華 | CN7: D221519733 | CO7: 0130730 | CP7: 073051008232 | CQ7: 臺北市內湖區內湖路一段591巷11弄4號5樓 | CZ7: 6930 | DA7: 113-01-31 | DB7: 3070 | DC7: 113-07-31 | DH7: =10000-DF7-DD7-DB7-CZ7 -> 0 | EA7: 陳奕臻 | EB7: F221559668 | EC7: 7000021 | ED7: 00019110143701 | EE7: 范煜祥 | EF7: A129343610 | EG7: 長子 | EH7: 范明煌 | EI7: A126022972 | EJ7: 次子 | EK7: 范勻瑄 | EL7: A232119120 | EM7: 孫女
A8: =ROW()-4 -> 4 | B8: 易居 | D8: 易居A2M10400013 | E8: 續約 | G8: 臺北市內湖區內湖路三段59巷7弄3號4樓 | H8: =MID(G8,4,3) -> 內湖區 | I8: 碧湖段一小段 | J8: 0338-0000 | K8: 01044-000 | L8: 85.32 | M8: 全部 | N8: =O8-365 -> 45139 | O8: 45504 | P8: 20000 | Q8: 8000 | R8: 112-09-15 | S8: 2400 | T8: 112-09-15 | U8: 2400 | V8: 112-10-16 | W8: 2400 | X8: 112-11-15 | Y8: 2400 | Z8: 112-12-15 | AA8: 2400 | AB8: 112-01-15 | AC8: 2400 | AD8: 113-02-29 | AE8: 2400 | AF8: 113-03-29 | AG8: 2400 | AH8: 113-04-30 | AI8: 2400 | AJ8: 113-05-15 | AK8: 2400 | AL8: 113-06-14 | AM8: 2400 | AN8: 113-07-15 | AO8: 2400 | AP8: 113-09-20 | CM8: 鍾問晟 | CN8: H122018264 | CO8: 8220141 | CP8: 141540046580 | CQ8: 臺北市中正區羅斯福路一段99號4樓 | DH8: =10000-DF8-DD8-DB8-CZ8 -> 10000 | EA8: 陳凱雲 | EB8: A224169803 | EC8: 8080129 | ED8: 0129968207878
A9: =ROW()-4 -> 5 | B9: 易居 | D9: 易居A2M10400014 | E9: 續約 | G9: 臺北市中山區新生北路三段34號9樓之5 | H9: =MID(G9,4,3) -> 中山區 | I9: 德惠段四小段 | J9: 0570-0000 | K9: 04194-000 | L9: 46.27 | M9: 全部 | N9: =O9-365 -> 45139 | O9: 45504 | P9: 15000 | Q9: 16000 | R9: 112-09-28 | S9: 2400 | T9: 112-09-28 | U9: 2400 | V9: 112-10-16 | W9: 2400 | X9: 112-11-15 | Y9: 2400 | Z9: 112-12-15 | AA9: 2400 | AB9: 112-01-15 | AC9: 2400 | AD9: 113-02-29 | AE9: 2400 | AF9: 113-03-29 | AG9: 2400 | AH9: 113-04-30 | AI9: 2400 | AJ9: 113-05-15 | AK9: 2400 | AL9: 113-06-14 | AM9: 2400 | AN9: 113-07-15 | AO9: 2400 | AP9: 113-09-20 | CM9: 劉麗珠 | CN9: R222185652 | CO9: 8080211 | CP9: 0211466021130 | CQ9: 臺北市內湖區內湖路二段254號3樓 | DH9: =10000-DF9-DD9-DB9-CZ9 -> 10000 | EA9: 游惠茹 | EB9: A220230641 | EC9: 8220060 | ED9: 060536968601
A10: =ROW()-4 -> 6 | B10: 易居 | D10: 易居A2M10400027 | E10: 續約 | G10: 臺北市大安區敦化南路二段81巷65弄6號3樓 | H10: =MID(G10,4,3) -> 大安區 | I10: 通化段五小段 | J10: 0295-0000 | K10: 00287-000 | L10: 99.64 | M10: 全部 | N10: =O10-365 -> 45170 | O10: 45535 | P10: 35000 | Q10: 4000 | R10: 112-10-16 | S10: 2400 | T10: 112-10-16 | U10: 2400 | V10: 112-11-15 | W10: 2400 | X10: 112-12-15 | Y10: 2400 | Z10: 112-01-15 | AA10: 2400 | AB10: 113-02-29 | AC10: 2400 | AD10: 113-03-29 | AE10: 2400 | AF10: 113-04-30 | AG10: 2400 | AH10: 113-05-15 | AI10: 2400 | AJ10: 113-06-14 | AK10: 2400 | AL10: 113-07-15 | AM10: 2400 | AN10: 113-09-20 | AO10: 2400 | AP10: 113-10-20 | CM10: 姚秋娟 | CN10: F222821494 | CO10: 8080532 | CP10: 0532979092588 | CQ10: 新北市淡水區新市一路一段99巷29號14樓 | CT10: 4500 | CU10: 112-10-16 | CZ10: 10000 | DA10: 113-02-15 | DH10: =10000-DF10-DD10-DB10-CZ10 -> 0 | EA10: 鄭麗英 | EB10: A222036221 | EC10: 7000021 | ED10: 00010100973558 | EE10: 王思涵 | EF10: A224335594 | EG10: 長女 | EH10: 王思淳 | EI10: A225951387 | EJ10: 參女 | EK10: 黃婕凌 | EL10: E227335090 | EM10: 孫女
A11: =ROW()-4 -> 7 | B11: 易居 | D11: 易居A2M10400030 | E11: 中止租約 | F11: 113-07-31 | G11: 臺北市士林區葫蘆街23巷14號 | H11: =MID(G11,4,3) -> 士林區 | I11: 海光段三小段 | J11: 0402-0000 | K11: 30860-000 | L11: 71.81 | M11: 全部 | N11: =O11-365 -> 45170 | O11: 45535 | P11: 15000 | Q11: 16000 | R11: 112-10-16 | S11: 2400 | T11: 112-10-16 | U11: 2400 | V11: 112-11-15 | W11: 2400 | X11: 112-12-15 | Y11: 2400 | Z11: 112-01-15 | AA11: 2400 | AB11: 113-02-29 | AC11: 2400 | AD11: 113-03-29 | AE11: 2400 | AF11: 113-04-30 | AG11: 2400 | AH11: 113-05-15 | AI11: 2400 | AJ11: 113-06-14 | AK11: 2400 | AL11: 113-07-15 | AM11: 2400 | AN11: 113-09-20 | AO11: - | AP11: - | CM11: 蕭證元 | CN11: A124073766 | CO11: 8120171 | CP11: 20171590008234 | CQ11: 臺北市士林區葫蘆街23巷14號 | CZ11: 850 | DA11: 112-10-16 | DB11: 9150 | DC11: 113-10-20 | DH11: =10000-DF11-DD11-DB11-CZ11 -> 0 | EA11: 張嘉財 | EB11: U120552889 | EC11: 8220624 | ED11: 624530201959
A12: =ROW()-4 -> 8 | B12: 易居 | D12: 易居A2M10400037 | E12: 自然中止 | F12: 113-09-14 | G12: 臺北市北投區西安街一段187號3樓 | H12: =MID(G12,4,3) -> 北投區 | I12: 文林段三小段 | J12: 0271-0000 | K12: 33722-000 | L12: 58.92 | M12: 全部 | N12: =O12-365 -> 45184 | O12: 45549 | P12: 10000 | Q12: 16000 | R12: 112-11-15 | S12: 2400 | T12: 112-11-15 | U12: 2400 | V12: 112-11-30 | W12: 2400 | X12: 112-12-15 | Y12: 2400 | Z12: 112-01-15 | AA12: 2400 | AB12: 113-02-29 | AC12: 2400 | AD12: 113-03-29 | AE12: 2400 | AF12: 113-04-30 | AG12: 2400 | AH12: 113-05-15 | AI12: 2400 | AJ12: 113-06-14 | AK12: 2400 | AL12: 113-07-15 | AM12: 2400 | AN12: 113-09-20 | AO12: 2400 | AP12: 113-10-20 | CM12: 陳凱倫 | CN12: A224443751 | CO12: 0124209 | CP12: 00420168168607 | CQ12: 臺北市北投區石牌里7鄰西安街一段187號3樓 | CZ12: 10000 | DA12: 113-09-20 | DH12: =10000-DF12-DD12-DB12-CZ12 -> 0 | EA12: 李采庭 | EB12: Q222595399 | EC12: 0130187 | ED12: 018505511545 | EE12: 黃國軒 | EF12: A132510465 | EG12: 長男 | EH12: 黃唯禎 | EI12: A232090997 | EJ12: 長女
A13: =ROW()-4 -> 9 | B13: 易居 | D13: 易居A2M10400045 | E13: 續約 | G13: 臺北市士林區天母東路8巷27號2樓之2 | H13: =MID(G13,4,3) -> 士林區 | I13: 三玉段二小段 | J13: 0090-0000 | K13: 21131-000 | L13: 65.32 | M13: 全部 | N13: =O13-365 -> 45197 | O13: 45562 | P13: 30000 | Q13: 16000 | R13: 112-11-30 | S13: 2400 | T13: 112-11-30 | U13: 2400 | V13: 112-12-15 | W13: 2400 | X13: 112-12-29 | Y13: 2400 | Z13: 112-01-15 | AA13: 2400 | AB13: 113-02-29 | AC13: 2400 | AD13: 113-03-29 | AE13: 2400 | AF13: 113-04-30 | AG13: 2400 | AH13: 113-05-15 | AI13: 2400 | AJ13: 113-06-28 | AK13: 2400 | AL13: 113-07-31 | AM13: 2400 | AN13: 113-09-20 | AO13: 2400 | AP13: 113-10-20 | CM13: 邱珮堯 | CN13: U221271947 | CO13: 8220314 | CP13: 314540483912 | CQ13: 新北市土城區延安街42號11樓 | CT13: 3300 | CU13: 112-11-30 | CZ13: 1250 | DA13: 112-11-30 | DB13: 8500 | DC13: 113-09-20 | DH13: =10000-DF13-DD13-DB13-CZ13 -> 250 | EA13: 楊婭鈺 | EB13: C221378035 | EC13: 8080163 | ED13: 0163979765225
A14: =ROW()-4 -> 10 | B14: 易居 | D14: 易居A2M10400046 | E14: 續約 | G14: 臺北市北投區知行路210巷8號 | H14: =MID(G14,4,3) -> 北投區 | I14: 關渡段二小段 | J14: 0475-0000 | K14: 20059-000 | L14: 78.09 | M14: 全部 | N14: =O14-365 -> 45199 | O14: 45564 | P14: 20000 | Q14: 16000 | R14: 112-11-30 | S14: 2400 | T14: 112-11-30 | U14: 2400 | V14: 112-12-15 | W14: 2400 | X14: 112-12-29 | Y14: 2400 | Z14: 112-01-15 | AA14: 2400 | AB14: 113-02-29 | AC14: 2400 | AD14: 113-03-29 | AE14: 2400 | AF14: 113-04-30 | AG14: 2400 | AH14: 113-05-15 | AI14: 2400 | AJ14: 113-06-28 | AK14: 2400 | AL14: 113-07-31 | AM14: 2400 | AN14: 113-09-20 | AO14: 2400 | AP14: 113-10-20 | CM14: 紀林素卿 | CN14: Y200508512 | CO14: 7000021 | CP14: 00023400273791 | CQ14: 臺北市北投區關渡里4鄰大度路三段301巷61號 | CZ14: 10000 | DA14: 113-10-20 | DH14: =10000-DF14-DD14-DB14-CZ14 -> 0 | EA14: 張菀倫 | EB14: A228496525 | EC14: 0122604 | ED14: 360168306764 | EE14: 莊志祥 | EF14: A124376940 | EG14: 配偶 | EH14: 莊雨霏 | EI14: A233002786 | EJ14: 長女 | EK14: 莊晴嵐 | EL14: A233252713 | EM14: 次女
A15: =ROW()-4 -> 11 | B15: 易居 | D15: 易居A2M10400053 | E15: 續約 | G15: 臺北市萬華區艋舺大道55號2樓 | H15: =MID(G15,4,3) -> 萬華區 | I15: 萬華段二小段 | J15: 0648-0000 | K15: 00760-000 | L15: 65.01 | M15: 全部 | N15: =O15-365 -> 45209 | O15: 45574 | P15: 15000 | Q15: 16000 | R15: 112-11-30 | S15: 2400 | T15: 112-11-30 | U15: 2400 | V15: 112-12-15 | W15: 2400 | X15: 112-01-15 | Y15: 2400 | Z15: 113-02-29 | AA15: 2400 | AB15: 113-03-29 | AC15: 2400 | AD15: 113-04-30 | AE15: 2400 | AF15: 113-05-15 | AG15: 2400 | AH15: 113-06-14 | AI15: 2400 | AJ15: 113-07-15 | AK15: 2400 | AL15: 113-09-20 | AM15: 2400 | AN15: 113-10-20 | AO15: 2400 | AP15: 113-11-20 | CM15: 陳進燈 | CN15: A121882227 | CO15: 7000021 | CP15: 24414220511103 | CQ15: 臺北市萬華區艋舺大道55號2樓 | DH15: =10000-DF15-DD15-DB15-CZ15 -> 10000 | EA15: 劉憓陵 | EB15: H221363413 | EC15: 8080417 | ED15: 0417968133556
A16: =ROW()-4 -> 12 | B16: 易居 | D16: 易居A2M10400060 | E16: 續約 | G16: 臺北市內湖區內湖路三段191巷4號5樓 | H16: =MID(G16,4,3) -> 內湖區 | I16: 碧湖段一小段 | J16: 0700-0000 | K16: 00675-000 | L16: 79.7 | M16: 全部 | N16: =O16-365 -> 45223 | O16: 45588 | P16: 17000 | Q16: 16000 | R16: 112-11-30 | S16: 2400 | T16: 112-11-30 | U16: 2400 | V16: 112-12-29 | W16: 2400 | X16: 112-01-15 | Y16: 2400 | Z16: 113-02-29 | AA16: 2400 | AB16: 113-03-29 | AC16: 2400 | AD16: 113-04-30 | AE16: 2400 | AF16: 113-05-15 | AG16: 2400 | AH16: 113-06-28 | AI16: 2400 | AJ16: 113-07-31 | AK16: 2400 | AL16: 113-09-20 | AM16: 2400 | AN16: 113-10-20 | AO16: 2400 | AP16: 113-11-20 | CM16: 連珮淇 | CN16: F226193820 | CO16: 8220266 | CP16: 266540567261 | CQ16: 新北市新莊區福樂街72巷11號2樓 | CZ16: 3990 | DA16: 113-01-15 | DH16: =10000-DF16-DD16-DB16-CZ16 -> 6010 | EA16: 秦忠成 | EB16: A120631566 | EC16: 7000021 | ED16: 00025210200863
A17: =ROW()-4 -> 13 | B17: 易居 | D17: 易居A2M10400064 | E17: 續約 | G17: 臺北市中山區中山北路二段137巷1號2樓之1、2樓之2 | H17: =MID(G17,4,3) -> 中山區 | I17: 中山段一小段 | J17: 0822-0000 | K17: 04572-000 | L17: 37.34 | M17: 全部 | N17: =O17-365 -> 45214 | O17: 45579 | P17: 23000 | Q17: 8000 | R17: 112-11-30 | S17: 2400 | T17: 112-11-30 | U17: 2400 | V17: 112-12-15 | W17: 2400 | X17: 112-01-15 | Y17: 2400 | Z17: 113-02-29 | AA17: 2400 | AB17: 113-03-29 | AC17: 2400 | AD17: 113-04-30 | AE17: 2400 | AF17: 113-05-15 | AG17: 2400 | AH17: 113-06-14 | AI17: 2400 | AJ17: 113-07-15 | AK17: 2400 | AL17: 113-09-20 | AM17: 2400 | AN17: 113-10-20 | AO17: 2400 | AP17: 113-11-20 | CM17: 林岳群 | CN17: A124234296 | CO17: 0051404 | CP17: 140008006233 | CQ17: 臺北市中山區中山北路二段137巷1號2樓之1 | CZ17: 9900 | DA17: 113-10-20 | DH17: =10000-DF17-DD17-DB17-CZ17 -> 100 | EA17: 董乃瑜 | EB17: B221735913 | EC17: 7000021 | ED17: 00216540295118 | EE17: 董南廷 | EF17: B124067321 | EG17: 長子
A18: =ROW()-4 -> 14 | B18: 易居 | D18: 易居A2M10400104 | E18: 續約 | G18: 臺北市士林區重慶北路四段49巷20弄8之1號 | H18: =MID(G18,4,3) -> 士林區 | I18: 福順段三小段 | J18: 0430-0000 | K18: 30181-000 | L18: 47.21 | M18: 全部 | N18: =O18-365 -> 45260 | O18: 45625 | P18: 17000 | Q18: 8000 | R18: 113-01-15 | S18: 2400 | T18: 113-01-15 | U18: 2400 | V18: 113-01-15 | W18: 2400 | X18: 113-02-29 | Y18: 2400 | Z18: 113-03-29 | AA18: 2400 | AB18: 113-04-30 | AC18: 2400 | AD18: 113-05-15 | AE18: 2400 | AF18: 113-06-28 | AG18: 2400 | AH18: 113-07-31 | AI18: 2400 | AJ18: 113-09-20 | AK18: 2400 | AL18: 113-10-20 | AM18: 2400 | AN18: 113-11-20 | AO18: 2400 | AP18: 45646 | CM18: 謝介俊 | CN18: Q122055441 | CO18: 1080014 | CP18: 001010314231 | CQ18: 臺北市士林區重慶北路四段81號6樓之4 | CZ18: 1500 | DA18: 113-11-20 | DH18: =10000-DF18-DD18-DB18-CZ18 -> 8500 | EA18: 楊林寶鳳 | EB18: G201154220 | EC18: 7000021 | ED18: 00014210160833 | EE18: 楊正雄 | EF18: Y100268253 | EG18: 配偶
A19: =ROW()-4 -> 15 | B19: 易居 | D19: 易居A2M10400117 | E19: 續約 | G19: 台北市中正區重慶南路三段15巷5號3樓 | H19: =MID(G19,4,3) -> 中正區 | I19: 南海段三小段 | J19: 0772-0000 | K19: 00225-000 | L19: 93.31 | M19: 全部 | N19: 112/12/31 | O19: 113/12/30 | P19: 29000 | Q19: 16000 | R19: 113-01-31 | S19: 2400 | T19: 113-01-31 | U19: 2400 | V19: 113-02-29 | W19: 2400 | X19: 113-03-29 | Y19: 2400 | Z19: 113-04-30 | AA19: 2400 | AB19: 113-05-15 | AC19: 2400 | AD19: 113-06-28 | AE19: 2400 | AF19: 113-07-31 | AG19: 2400 | AH19: 113-09-20 | AI19: 2400 | AJ19: 113-10-20 | AK19: 2400 | AL19: 113-11-20 | AM19: 2400 | AN19: 45646 | AO19: 2400 | AP19: 114-01-20 | CM19: 陳裕華 | CN19: A200132573 | CO19: 0071727 | CP19: 17250008556 | CQ19: 台北市中正區重慶南路三段15巷5號3樓 | CZ19: 1250 | DA19: 113-02-15 | DB19: 8750 | DC19: 113-03-29 | DH19: =10000-DF19-DD19-DB19-CZ19 -> 0 | EA19: 黃洪菊妹 | EB19: K200057458 | EC19: 7000021 | ED19: 00010680363558 | EE19: 黃德鏜 | EF19: A103136937 | EG19: 配偶
A20: =ROW()-4 -> 16 | B20: 易居 | D20: 易居A2M10400123 | E20: 終止租約 | F20: 114-01-09 | G20: 台北市士林區承德路四段48巷3號3樓 | H20: =MID(G20,4,3) -> 士林區 | I20: 百齡段五小段 | J20: 0560-0000 | K20: 50444-000 | L20: 107.65 | M20: 全部 | N20: 45301 | O20: =N20+365 -> 45666 | P20: 22000 | Q20: 16000 | R20: 113-03-29 | S20: 2400 | T20: 113-03-29 | U20: 2400 | V20: 113-03-29 | W20: 2400 | X20: 113-04-30 | Y20: 2400 | Z20: 113-05-15 | AA20: 2400 | AB20: 113-06-14 | AC20: 2400 | AD20: 113-07-15 | AE20: 2400 | AF20: 113-09-20 | AG20: 2400 | AH20: 113-10-20 | AI20: 2400 | AJ20: 113-11-20 | AK20: 2400 | AL20: 45646 | AM20: 2400 | AN20: 114-01-20 | AO20: 2400 | AP20: 114-02-20 | CM20: 葉克柔 | CN20: F222145640 | CO20: 7000021 | CP20: 0012840972597 | CQ20: 新北市汐止區民族五街16號16樓之2 | CT20: 3300 | CU20: 113-03-29 | CZ20: 9610 | DA20: 113-03-29 | DB20: 390 | DC20: 114-01-20 | DH20: =10000-DF20-DD20-DB20-CZ20 -> 0 | EA20: 曾靖婷 | EB20: K222222226 | EC20: 7000021 | ED20: 00013750605228
A21: =ROW()-4 -> 17 | B21: 易居 | D21: 易居A2M10400145 | E21: 續約 | G21: 台北市北投區開明街15號4樓 | H21: =MID(G21,4,3) -> 北投區 | I21: 開明段一小段 | J21: 0502-0000 | K21: 10767-000 | L21: 107.19 | M21: 全部 | N21: 45323 | O21: =N21+365 -> 45688 | P21: 18000 | Q21: 4000 | R21: 113-04-30 | S21: 2400 | T21: 113-04-30 | U21: 2400 | V21: 113-04-30 | W21: 2400 | X21: 113-05-15 | Y21: 2400 | Z21: 113-06-14 | AA21: 2400 | AB21: 113-07-15 | AC21: 2400 | AD21: 113-09-20 | AE21: 2400 | AF21: 113-10-20 | AG21: 2400 | AH21: 113-11-20 | AI21: 2400 | AJ21: 45646 | AK21: 2400 | AL21: 114-01-20 | AM21: 2400 | AN21: 114-02-20 | AO21: 2400 | AP21: 114-03-20 | CM21: 蔡梅鶯 | CN21: Q202183893 | CO21: 8160027 | CP21: 00222003270700 | CQ21: 台北市大安區通化街111號6樓 | DH21: =10000-DF21-DD21-DB21-CZ21 -> 10000 | EA21: 吳小芳 | EB21: C220168124 | EC21: 7000021 | ED21: 00024580048810 | EE21: 余浩東 | EF21: F125954194 | EG21: 兒子 | EH21: 余培亞 | EI21: F126565280 | EJ21: 兒子
A22: =ROW()-4 -> 18 | B22: 易居 | D22: 易居A2M10400146 | E22: 中止租約 | F22: 113-11-05 | G22: 台北市中山區農安街227巷9弄4號4樓 | H22: =MID(G22,4,3) -> 中山區 | I22: 榮興段七小段 | J22: 0015-0001 | K22: 00216-000 | L22: 89.99 | M22: 全部 | N22: 45323 | O22: =N22+365 -> 45688 | P22: 32000 | Q22: 16000 | R22: 113-04-30 | S22: 2400 | T22: 113-04-30 | U22: 2400 | V22: 113-04-30 | W22: 2400 | X22: 113-05-15 | Y22: 2400 | Z22: 113-06-14 | AA22: 2400 | AB22: 113-07-15 | AC22: 2400 | AD22: 113-09-20 | AE22: 2400 | AF22: 113-10-20 | AG22: 2400 | AH22: 113-11-20 | AI22: 2400 | AJ22: 45646 | AK22: 2400 | AL22: 114-01-20 | AM22: - | AN22: - | AO22: - | AP22: - | CM22: 陳願宗 | CN22: A125703950 | CO22: 8222123 | CP22: 123540031568 | CQ22: 新北市板橋區環河西路四段2235號10樓 | CR22: 陳明宗 | CS22: A125765003 | DH22: =10000-DF22-DD22-DB22-CZ22 -> 10000 | DI22: 10000 | DJ22: 10000 | DK22: 10000 | DL22: 10000 | DM22: 10000 | DN22: 10000 | DO22: 10000 | DP22: 10000 | DQ22: 10000 | DR22: 10000 | DS22: 10000 | DT22: 10000 | DU22: 10000 | DV22: 10000 | DW22: 10000 | DX22: 10000 | DY22: 10000 | DZ22: 10000 | EA22: 彭秋桂 | EB22: A221331281 | EC22: 8222145 | ED22: 145540067934
A23: =ROW()-4 -> 19 | B23: 易居 | D23: 易居A2M10400147 | E23: 續約 | G23: 台北市大同區歸綏街209號4樓之5 | H23: =MID(G23,4,3) -> 大同區 | I23: 延平段一小段 | J23: 0484-0000 | K23: 02473-000 | L23: 66.46 | M23: 全部 | N23: 45337 | O23: =N23+365 -> 45702 | P23: 20000 | Q23: 4000 | R23: 113-04-30 | S23: 2400 | T23: 113-04-30 | U23: 2400 | V23: 113-04-30 | W23: 2400 | X23: 113-05-15 | Y23: 2400 | Z23: 113-06-14 | AA23: 2400 | AB23: 113-07-15 | AC23: 2400 | AD23: 113-09-20 | AE23: 2400 | AF23: 113-10-20 | AG23: 2400 | AH23: 113-11-20 | AI23: 2400 | AJ23: 45646 | AK23: 2400 | AL23: 114-01-20 | AM23: 2400 | AN23: 114-02-20 | AO23: 2400 | AP23: 114-03-20 | CM23: 李淑霞 | CN23: A222613639 | CO23: 0130187 | CP23: 018505205789 | CQ23: 新北市三重區永福街179巷24號2樓 | CZ23: 10000 | DA23: 45736 | DH23: =10000-DF23-DD23-DB23-CZ23 -> 0 | EA23: 蕭碧霞 | EB23: U200322823 | EC23: 7000021 | ED23: 00913110178543
A24: =ROW()-4 -> 20 | B24: 易居 | D24: 易居A2M10400149 | E24: 中止租約 | F24: 113-05-31 | G24: 臺北市大同區民族西路303巷5弄5號2樓 | H24: =MID(G24,4,3) -> 大同區 | I24: 文昌段二小段 | J24: 0591-0000,0592-0000,0593-0000 | K24: 01300-000 | L24: 73.7 | M24: 全部 | N24: 45337 | O24: =N24+365 -> 45702 | P24: 21000 | Q24: 16000 | R24: 113-05-31 | S24: 2400 | T24: 113-05-31 | U24: 2400 | V24: 113-05-31 | W24: 2400 | X24: 113-05-31 | Y24: 2400 | Z24: 113-06-14 | AA24: - | AB24: - | AC24: - | AD24: - | AE24: - | AF24: - | AG24: - | AH24: - | AI24: - | AJ24: - | AK24: - | AL24: - | AM24: - | AN24: - | AO24: - | AP24: - | CM24: 陳泓誠 | CN24: F123352638 | CO24: 0060109 | CP24: 0100765789642 | CQ24: 新北市三重區自強路二段78號 | CT24: 3300 | CU24: 113-05-31 | CZ24: 10000 | DA24: 113-06-14 | DH24: =10000-DF24-DD24-DB24-CZ24 -> 0 | EA24: 李睿凌 | EB24: A226336633 | EC24: 0130659 | ED24: 065506103953 | EE24: 林建傑 | EF24: A126014023 | EG24: 丈夫 | EH24: 黃淑慈 | EI24: F220491345 | EJ24: 母親 | EK24: 林芊愷 | EL24: A233056088 | EM24: 女兒
A25: =ROW()-4 -> 21 | B25: 易居 | D25: 易居A2M10400166 | E25: 續約 | G25: 臺北市文山區興隆路四段88號4樓 | H25: =MID(G25,4,3) -> 文山區 | I25: 實踐段二小段 | J25: 0017-0000,0018-0000 | K25: 00430-000 | L25: 76.71 | M25: 全部 | N25: 45376 | O25: =N25+364 -> 45740 | P25: 24000 | Q25: 16000 | R25: 113-05-15 | S25: 2400 | T25: 113-05-15 | U25: 2400 | V25: 113-05-15 | W25: 2400 | X25: 113-06-28 | Y25: 2400 | Z25: 113-07-31 | AA25: 2400 | AB25: 113-09-20 | AC25: 2400 | AD25: 113-10-20 | AE25: 2400 | AF25: 113-11-20 | AG25: 2400 | AH25: 45646 | AI25: 2400 | AJ25: 114-01-20 | AK25: 2400 | AL25: 114-02-20 | AM25: 2400 | AN25: 114-03-20 | AO25: 2400 | AP25: 114-04-20 | CM25: 李昆山 | CN25: K120321091 | CO25: 7000021 | CP25: 00027039003352 | CQ25: 新北市新店區三民路117巷8弄8號1樓 | CT25: 3300 | CU25: 113-05-15 | CZ25: 1250 | DA25: 113-05-15 | DH25: =10000-DF25-DD25-DB25-CZ25 -> 8750 | EA25: 李玉如 | EB25: A222772713 | EC25: 0060936 | ED25: 0936872076226
A26: =ROW()-4 -> 22 | B26: 易居 | D26: 易居A2M10400171 | E26: 續約 | G26: 臺北市士林區重慶北路四段49巷20弄8之1號2樓 | H26: =MID(G26,4,3) -> 士林區 | I26: 福順段三小段 | J26: 0430-0000 | K26: 30740-000 | L26: 52.89 | M26: 全部 | N26: 45366 | O26: =N26+364 -> 45730 | P26: 17000 | Q26: 4000 | R26: 113-05-15 | S26: 2400 | T26: 113-05-15 | U26: 2400 | V26: 113-05-15 | W26: 2400 | X26: 113-06-14 | Y26: 2400 | Z26: 113-07-15 | AA26: 2400 | AB26: 113-09-20 | AC26: 2400 | AD26: 113-10-20 | AE26: 2400 | AF26: 113-11-20 | AG26: 2400 | AH26: 45646 | AI26: 2400 | AJ26: 114-01-20 | AK26: 2400 | AL26: 114-02-20 | AM26: 2400 | AN26: 114-03-20 | AO26: 2400 | AP26: 114-04-20 | CM26: 謝介俊 | CN26: Q122055441 | CO26: 1080014 | CP26: 001010314231 | CQ26: 臺北市士林區重慶北路四段81號6樓之4 | CZ26: 1500 | DA26: 113-12-20 | DB26: 3000 | DC26: 114-03-20 | DD26: 2000 | DE26: 45767 | DH26: =10000-DF26-DD26-DB26-CZ26 -> 3500 | EA26: 陳姵邑 | EB26: A222240323 | EC26: 7000021 | ED26: 00011140527957
A27: =ROW()-4 -> 23 | B27: 易居 | D27: 易居A2M10400176 | E27: 續約 | G27: 臺北市大同區長安西路287號11樓之15 | H27: =MID(G27,4,3) -> 大同區 | I27: 玉泉段二小段 | J27: 0389-0000 | K27: 02911-000 | L27: 53.28 | M27: 全部 | N27: 45376 | O27: =N27+364 -> 45740 | P27: 25000 | Q27: 16000 | R27: 113-05-15 | S27: 2400 | T27: 113-05-15 | U27: 2400 | V27: 113-05-15 | W27: 2400 | X27: 113-06-28 | Y27: 2400 | Z27: 113-07-31 | AA27: 2400 | AB27: 113-09-20 | AC27: 2400 | AD27: 113-10-20 | AE27: 2400 | AF27: 113-11-20 | AG27: 2400 | AH27: 45646 | AI27: 2400 | AJ27: 114-01-20 | AK27: 2400 | AL27: 114-02-20 | AM27: 2400 | AN27: 114-03-20 | AO27: 2400 | AP27: 114-04-20 | CM27: 王裕貿 | CN27: A125721485 | CO27: 0130420 | CP27: 042508157449 | CQ27: 臺中市西區樂群街270號九樓之1 | CT27: 3300 | CU27: 113-05-15 | CZ27: 10000 | DA27: 45736 | DH27: =10000-DF27-DD27-DB27-CZ27 -> 0 | EA27: 林渝庭 | EB27: E224570024 | EC27: 8220303 | ED27: 303540376522
A28: =ROW()-4 -> 24 | B28: 易居 | D28: 易居A2M10400182 | E28: 續約 | G28: 臺北市北投區永興路二段33巷12弄19號2樓 | H28: =MID(G28,4,3) -> 北投區 | I28: 開明段一小段 | J28: 0738-0000 | K28: 10752-000 | L28: 85.76 | M28: 全部 | N28: 45383 | O28: =N28+364 -> 45747 | P28: 15000 | Q28: 16000 | R28: 113-05-31 | S28: 2400 | T28: 113-05-31 | U28: 2400 | V28: 113-06-14 | W28: 2400 | X28: 113-07-15 | Y28: 2400 | Z28: 113-09-20 | AA28: 2400 | AB28: 113-10-20 | AC28: 2400 | AD28: 113-11-20 | AE28: 2400 | AF28: 45646 | AG28: 2400 | AH28: 114-01-20 | AI28: 2400 | AJ28: 114-02-20 | AK28: 2400 | AL28: 114-03-20 | AM28: 2400 | AN28: 114-04-20 | AO28: =AM28 -> 2400 | AP28: 45797 | CM28: 游慈忠 | CN28: G121468956 | CO28: 0127406 | CP28: 00740168914818 | CQ28: 臺北市北投區永興路二段33巷12弄19號2樓 | CZ28: 800 | DA28: 113-05-31 | DB28: 9200 | DC28: 113-11-20 | DH28: =10000-DF28-DD28-DB28-CZ28 -> 0 | EA28: 吳美緻 | EB28: P220822230 | EC28: 8120861 | ED28: 20861000152206
A29: =ROW()-4 -> 25 | B29: 易居 | D29: 易居A2M10400186 | E29: 續約 | G29: 臺北市萬華區長泰街290號2樓 | H29: =MID(G29,4,3) -> 萬華區 | I29: 華中段二小段 | J29: 0856-0000 | K29: 01847-000 | L29: 75.73 | M29: 全部 | N29: 45397 | O29: =N29+364 -> 45761 | P29: 22000 | Q29: 4000 | R29: 113-05-31 | S29: 2400 | T29: 113-05-31 | U29: 2400 | V29: 113-06-14 | W29: 2400 | X29: 113-07-15 | Y29: 2400 | Z29: 113-09-20 | AA29: 2400 | AB29: 113-10-20 | AC29: 2400 | AD29: 113-11-20 | AE29: 2400 | AF29: 45646 | AG29: 2400 | AH29: 114-01-20 | AI29: 2400 | AJ29: 114-02-20 | AK29: 2400 | AL29: 114-03-20 | AM29: 2400 | AN29: 114-04-20 | AO29: =AM29 -> 2400 | AP29: 45797 | CM29: 謝昕倫 | CN29: F221904458 | CO29: 0065355 | CP29: 5355765311421 | CQ29: 新北市中和區景新街328號10樓之1 | CZ29: 7500 | DA29: 113-06-14 | DH29: =10000-DF29-DD29-DB29-CZ29 -> 2500 | EA29: 黃亮文 | EB29: A103623319 | EC29: 7000021 | ED29: 00013131283321 | EE29: 洪秀蘭 | EF29: F202337697 | EG29: 配偶 | EH29: 黃仕杰 | EI29: A127294847 | EJ29: 兒子
A30: =ROW()-4 -> 26 | B30: 易居 | D30: 易居A2M10400187 | E30: 續約 | G30: 臺北市內湖區康樂街61巷79弄2號2樓 | H30: =MID(G30,4,3) -> 內湖區 | I30: 東湖段一小段 | J30: 0002-0000 | K30: 01451-000 | L30: 80.47 | M30: 全部 | N30: 45397 | O30: =N30+364 -> 45761 | P30: 33000 | Q30: 16000 | R30: 113-05-31 | S30: 2400 | T30: 113-05-31 | U30: 2400 | V30: 113-06-14 | W30: 2400 | X30: 113-07-15 | Y30: 2400 | Z30: 113-09-20 | AA30: 2400 | AB30: 113-10-20 | AC30: 2400 | AD30: 113-11-20 | AE30: 2400 | AF30: 45646 | AG30: 2400 | AH30: 114-01-20 | AI30: 2400 | AJ30: 114-02-20 | AK30: 2400 | AL30: 114-03-20 | AM30: 2400 | AN30: 114-04-20 | AO30: =AM30 -> 2400 | AP30: 45797 | CM30: 劉文啓 | CN30: K121332150 | CO30: 0172370 | CP30: 23710601117 | CQ30: 臺北市中正區臨沂街75巷2之3號2樓之1 | CT30: 3300 | CU30: 113-05-31 | CZ30: 10000 | DA30: 114-02-20 | DH30: =10000-DF30-DD30-DB30-CZ30 -> 0 | EA30: 李香君 | EB30: A226122675 | EC30: 7000021 | ED30: 00026740169968 | EE30: 張棕傑 | EF30: K121909928 | EG30: 配偶 | EH30: 李閔浩 | EI30: F135495657 | EJ30: 兒子 | EK30: 李茹閑 | EL30: F234870550 | EM30: 女兒
A31: =ROW()-4 -> 27 | B31: 易居 | D31: 易居A2M10400206 | E31: 續約 | G31: 臺北市士林區葫蘆街29巷36號 | H31: =MID(G31,4,3) -> 士林區 | I31: 海光段三小段 | J31: 0409-0000 | K31: 31026-000 | L31: 81.65 | M31: 全部 | N31: 45413 | O31: =N31+364 -> 45777 | P31: 20000 | Q31: 16000 | R31: 113-06-14 | S31: 2400 | T31: 113-06-14 | U31: 2400 | V31: 113-07-15 | W31: 2400 | X31: 113-09-20 | Y31: 2400 | Z31: 113-10-20 | AA31: 2400 | AB31: 113-11-20 | AC31: 2400 | AD31: 45646 | AE31: 2400 | AF31: 114-01-20 | AG31: 2400 | AH31: 114-02-20 | AI31: 2400 | AJ31: 114-03-20 | AK31: 2400 | AL31: 114-04-20 | AM31: =AK31 -> 2400 | AN31: 45797 | AO31: =AM31 -> 2400 | AP31: 45828 | CM31: 陳福海 | CN31: Y100160341 | CO31: 1080041 | CP31: 008010082030 | CQ31: 臺北市士林區延平北路5段245巷2號2樓 | CZ31: 10000 | DA31: 113-11-20 | DH31: =10000-DF31-DD31-DB31-CZ31 -> 0 | EA31: 郭連福 | EB31: A103677737 | EC31: 7000021 | ED31: 00014210961732 | EE31: 張麗春 | EF31: F201400708 | EG31: 妻子
A32: =ROW()-4 -> 28 | B32: 易居 | D32: 易居A2M10400220 | E32: 中止租約 | F32: 45713 | G32: 臺北市士林區文林路587巷9弄9號 | H32: =MID(G32,4,3) -> 士林區 | I32: 陽明段三小段 | J32: 0165-0000 | K32: 30569-000 | L32: 230.67 | M32: 全部 | N32: 45422 | O32: =N32+364 -> 45786 | P32: 19500 | Q32: 8000 | R32: 113-07-15 | S32: 2400 | T32: 113-07-15 | U32: 2400 | V32: 113-07-15 | W32: 2400 | X32: 113-09-20 | Y32: 2400 | Z32: 113-10-20 | AA32: 2400 | AB32: 113-11-20 | AC32: 2400 | AD32: 45646 | AE32: 2400 | AF32: 114-01-20 | AG32: 2400 | AH32: 114-02-20 | AI32: 2400 | AJ32: 114-03-20 | AK32: 2400 | AL32: 114-04-20 | AM32: - | AN32: - | AO32: - | AP32: - | CM32: 呂寶玉 | CN32: Q221286275 | CO32: 0050108 | CP32: 010005451677 | CQ32: 臺北市士林區文林路587巷9弄9號3樓 | CR32: 蔡志鏗 | CS32: N121448931 | CZ32: 10000 | DA32: 113-09-20 | DH32: =10000-DF32-DD32-DB32-CZ32 -> 0 | EA32: 賴秀明 | EB32: L120208388 | EC32: 7000021 | ED32: 00017730601092
A33: =ROW()-4 -> 29 | B33: 易居 | D33: 易居A2M10400221 | E33: 自然中止 | F33: 45791 | G33: 臺北市信義區中坡南路22巷12號4樓 | H33: =MID(G33,4,3) -> 信義區 | I33: 福德段一小段 | J33: 0038-0000 | K33: 02811-000 | L33: 123.82 | M33: 全部 | N33: 45426 | O33: =N33+364 -> 45790 | P33: 26500 | Q33: 16000 | R33: 113-07-15 | S33: 2400 | T33: 113-07-15 | U33: 2400 | V33: 113-07-15 | W33: 2400 | X33: 113-09-20 | Y33: 2400 | Z33: 113-10-20 | AA33: 2400 | AB33: 113-11-20 | AC33: 2400 | AD33: 45646 | AE33: 2400 | AF33: 114-01-20 | AG33: 2400 | AH33: 114-02-20 | AI33: 2400 | AJ33: 114-03-20 | AK33: 2400 | AL33: 114-04-20 | AM33: =AK33 -> 2400 | AN33: 45797 | AO33: =AM33 -> 2400 | AP33: 45828 | CM33: 李逸峰 | CN33: P121264187 | CO33: 0065355 | CP33: 5355765339716 | CQ33: 新北市新店區寶橋路78巷9號17樓 | CZ33: 850 | DA33: 113-07-15 | DB33: 9150 | DC33: 113-11-20 | DH33: =10000-DF33-DD33-DB33-CZ33 -> 0 | EA33: 魏浩倫 | EB33: H123810879 | EC33: 0072816 | ED33: 28168208676
A34: =ROW()-4 -> 30 | B34: 易居 | D34: 易居A2M10400222 | E34: 中止租約 | F34: 113-10-23 | G34: 臺北市內湖區行善路25巷1弄2號5樓 | H34: =MID(G34,4,3) -> 內湖區 | I34: 舊宗段 | J34: 0113-0000 | K34: 00958-000 | L34: 124.08 | M34: 全部 | N34: 45432 | O34: =N34+364 -> 45796 | P34: 29000 | Q34: 16000 | R34: 113-07-15 | S34: 2400 | T34: 113-07-15 | U34: 2400 | V34: 113-07-31 | W34: 2400 | X34: 113-09-20 | Y34: 2400 | Z34: 113-10-20 | AA34: 2400 | AB34: 113-11-20 | AC34: 2400 | AD34: 45646 | AE34: - | AF34: - | AG34: - | AH34: - | AI34: - | AJ34: - | AK34: - | AL34: - | AM34: - | AN34: - | AO34: - | AP34: - | CM34: 駱文卿 | CN34: A121289842 | CO34: 8061353 | CP34: 00168105745010 | CQ34: 臺北市松山區延壽街432號5樓 | CZ34: 3150 | DA34: 113-10-20 | DB34: 1050 | DC34: 113-12-20 | DH34: =10000-DF34-DD34-DB34-CZ34 -> 5800 | EA34: 朱榮康 | EB34: E101471875 | EC34: 0061298 | ED34: 0331765252551 | EE34: 蔡麗香 | EF34: A222250623 | EG34: 配偶
A35: =ROW()-4 -> 31 | B35: 易居 | D35: 易居A2M10400223 | E35: 自然中止 | F35: 45791 | G35: 臺北市萬華區成都路108號8樓之2 | H35: =MID(G35,4,3) -> 萬華區 | I35: 直興段一小段 | J35: 0131-0000 | K35: 01588-000 | L35: 53.35 | M35: 全部 | N35: 45426 | O35: =N35+364 -> 45790 | P35: 21800 | Q35: 16000 | R35: 113-07-15 | S35: 2400 | T35: 113-07-15 | U35: 2400 | V35: 113-07-15 | W35: 2400 | X35: 113-09-20 | Y35: 2400 | Z35: 113-10-20 | AA35: 2400 | AB35: 113-11-20 | AC35: 2400 | AD35: 45646 | AE35: 2400 | AF35: 114-01-20 | AG35: 2400 | AH35: 114-02-20 | AI35: 2400 | AJ35: 114-03-20 | AK35: 2400 | AL35: 114-04-20 | AM35: =AK35 -> 2400 | AN35: 45797 | AO35: =AM35 -> 2400 | AP35: 45828 | CM35: 徐悅哲 | CN35: A126950695 | CO35: 8120919 | CP35: 20911000088628 | CQ35: 臺北市萬華區德昌街262號7樓 | CT35: 3300 | CU35: 113-07-15 | CZ35: 850 | DA35: 113-07-15 | DB35: 2734 | DC35: 113-07-31 | DD35: 6416 | DE35: 45797 | DH35: =10000-DF35-DD35-DB35-CZ35 -> 0 | EA35: 許雀蘭 | EB35: N220571586 | EC35: 7000021 | ED35: 00810110520945 | EE35: 葉錫昇 | EF35: N120601087 | EG35: 配偶
A36: =ROW()-4 -> 32 | B36: 易居 | D36: 易居A2M10400251 | E36: 續約 | G36: 台北市大同區重慶北路三段243巷29號4樓 | H36: =MID(G36,4,3) -> 大同區 | I36: 大龍段三小段 | J36: 0518-0000 | K36: 01823-000 | L36: 59.72 | M36: 全部 | N36: 45458 | O36: =N36+364 -> 45822 | P36: 22000 | Q36: 16000 | R36: 113-07-31 | S36: 2400 | T36: 113-07-31 | U36: 2400 | V36: 113-09-20 | W36: 2400 | X36: 113-10-20 | Y36: 2400 | Z36: 113-11-20 | AA36: 2400 | AB36: 45646 | AC36: 2400 | AD36: 114-01-20 | AE36: 2400 | AF36: 114-02-20 | AG36: 2400 | AH36: 114-03-20 | AI36: 2400 | AJ36: 114-04-20 | AK36: =AI36 -> 2400 | AL36: 45797 | AM36: =AK36 -> 2400 | AN36: 45828 | AO36: =AM36 -> 2400 | AP36: 45858 | CM36: 趙秀英 | CN36: F290198420 | CO36: 8030010 | CP36: 001501016758 | CQ36: 臺北市大同區重慶北路三段243巷29號4樓 | CZ36: 850 | DA36: 113-09-20 | DB36: 9150 | DC36: 113-11-20 | DH36: =10000-DF36-DD36-DB36-CZ36 -> 0 | EA36: 高博崇 | EB36: A131051967 | EC36: 0060969 | ED36: 0969765935840 | EE36: 黃蓉郁 | EF36: G220094829 | EG36: 母親
A37: =ROW()-4 -> 33 | B37: 易居 | D37: 易居A2M10400255 | E37: 續約 | G37: 臺北市北投區中山路47號5樓之12 | H37: =MID(G37,4,3) -> 北投區 | I37: 新民段一小段 | J37: 0387-0000 | K37: 10993-000 | L37: 32.44 | M37: 全部 | N37: 45453 | O37: =N37+364 -> 45817 | P37: 10500 | Q37: 16000 | R37: 113-09-20 | S37: 2400 | T37: 113-09-20 | U37: 2400 | V37: 113-09-20 | W37: 2400 | X37: 113-10-20 | Y37: 2400 | Z37: 113-11-20 | AA37: 2400 | AB37: 45646 | AC37: 2400 | AD37: 114-01-20 | AE37: 2400 | AF37: 114-02-20 | AG37: 2400 | AH37: 114-03-20 | AI37: 2400 | AJ37: 114-04-20 | AK37: =AI37 -> 2400 | AL37: 45797 | AM37: =AK37 -> 2400 | AN37: 45828 | AO37: =AM37 -> 2400 | AP37: 45858 | CM37: 張芳生 | CN37: B120871356 | CO37: 1030949 | CP37: 0949500103895 | CQ37: 臺北市北投區中山路47號5樓之12 | CZ37: 1300 | DA37: 113-09-20 | DH37: =10000-DF37-DD37-DB37-CZ37 -> 8700 | EA37: 葉少強 | EB37: S123441005 | EC37: 0123604 | ED37: 81680002022911 | EE37: 葉秋煌 | EF37: R103097206 | EG37: 父親 | EH37: 鄭蓉 | EI37: R290011383 | EJ37: 母親
A38: =ROW()-4 -> 34 | B38: 易居 | D38: 易居A2M10400266 | E38: 續約 | G38: 臺北市北投區稻香路229號4樓 | H38: =MID(G38,4,3) -> 北投區 | I38: 桃源段二小段 | J38: 0069-0000 | K38: 21548-000 | L38: 83.28 | M38: 全部 | N38: 45467 | O38: =N38+364 -> 45831 | P38: 31000 | Q38: 16000 | R38: 113-09-20 | S38: 2400 | T38: 113-09-20 | U38: 2400 | V38: 113-09-20 | W38: 2400 | X38: 113-10-20 | Y38: 2400 | Z38: 113-11-20 | AA38: 2400 | AB38: 45646 | AC38: 2400 | AD38: 114-01-20 | AE38: 2400 | AF38: 114-02-20 | AG38: 2400 | AH38: 114-03-20 | AI38: 2400 | AJ38: 114-04-20 | AK38: =AI38 -> 2400 | AL38: 45797 | AM38: =AK38 -> 2400 | AN38: 45828 | AO38: =AM38 -> 2400 | AP38: 45858 | CM38: 葉庭吟 | CN38: S224287258 | CO38: 8081056 | CP38: 1056979057693 | CQ38: 臺北市松山區八德路四段758號4樓 | CT38: 4500 | CU38: 113-09-20 | CZ38: 10000 | DA38: 45828 | DH38: =10000-DF38-DD38-DB38-CZ38 -> 0 | EA38: 施仟龍 | EB38: N123108476 | EC38: 8220185 | ED38: 185540132324 | EE38: 伍珮婕 | EF38: T223109443 | EG38: 配偶 | EH38: 施向擎 | EI38: A133140556 | EJ38: 兒子 | EK38: 施采媛 | EL38: A233169955 | EM38: 女兒
A39: =ROW()-4 -> 35 | B39: 易居 | D39: 易居A2M10400276 | E39: 中止租約 | F39: 113-12-15 | G39: 臺北市南港區中南街50號3樓 | H39: =MID(G39,4,3) -> 南港區 | I39: 南港段二小段 | J39: 0769-0001，0770-0000 | K39: 01113-000 | L39: 111.75 | M39: 全部 | N39: 45489 | O39: =N39+364 -> 45853 | P39: 33000 | Q39: 4000 | R39: 113-09-20 | S39: 2400 | T39: 113-09-20 | U39: 2400 | V39: 113-10-20 | W39: 2400 | X39: 113-11-20 | Y39: 2400 | Z39: 45646 | AA39: 2400 | AB39: 114-01-20 | AC39: 2400 | AD39: 114-02-20 | AE39: - | AF39: - | AG39: - | AH39: - | AI39: - | AJ39: - | AK39: - | AL39: - | AM39: - | AN39: - | AO39: - | AP39: - | CM39: 廖德璋 | CN39: F120557935 | CO39: 1180774 | CP39: 07745000091485 | CQ39: 新北市汐止區國興街22巷4號 | CZ39: 700 | DA39: 113-12-20 | DH39: =10000-DF39-DD39-DB39-CZ39 -> 9300 | EA39: 林柏宇 | EB39: R124821195 | EC39: 0131036 | ED39: 699513804664 | EE39: 林忠興 | EF39: R122203475 | EG39: 父親 | EH39: 蔣雪娟 | EI39: R222084230 | EJ39: 母親 | EK39: 林陳鳳英 | EL39: R202688581 | EM39: 祖母
A40: =ROW()-4 -> 36 | B40: 易居 | D40: 易居A2M10400293 | E40: 自然中止 | F40: 45869 | G40: 臺北市士林區至善路三段101號 | H40: =MID(G40,4,3) -> 士林區 | I40: 至善段一小段 | J40: 0330-0000 | K40: 10059-000 | L40: 67.05 | M40: 全部 | N40: 45505 | O40: =N40+364 -> 45869 | P40: 13000 | Q40: 16000 | R40: 113-10-20 | S40: 2400 | T40: 113-10-20 | U40: 2400 | V40: 113-11-20 | W40: 2400 | X40: 45646 | Y40: 2400 | Z40: 114-01-20 | AA40: 2400 | AB40: 114-02-20 | AC40: 2400 | AD40: 114-03-20 | AE40: 2400 | AF40: 114-04-20 | AG40: =AE40 -> 2400 | AH40: 45797 | AI40: =AG40 -> 2400 | AJ40: 45828 | AK40: =AI40 -> 2400 | AL40: 45858 | AM40: =AK40 -> 2400 | AN40: 45889 | AO40: 2400 | AP40: 45920 | CM40: 李進興 | CN40: Y120298177 | CO40: 7000021 | CP40: 00012841016102 | CQ40: 臺北市士林區至善路三段275號 | CZ40: 1250 | DA40: 113-10-20 | DH40: =10000-DF40-DD40-DB40-CZ40 -> 8750 | EA40: 楊志祥 | EB40: W100280072 | EC40: 0041539 | ED40: 153004710413
A41: =ROW()-4 -> 37 | B41: 易居 | D41: 易居A2M10400297 | E41: 續約 | G41: 臺北市萬華區寶興街140巷5號4樓之2 | H41: =MID(G41,4,3) -> 萬華區 | I41: 雙園段三小段 | J41: 0888-0000 | K41: 02551-000 | L41: 62.85 | M41: 全部 | N41: 45509 | O41: =N41+364 -> 45873 | P41: 23000 | Q41: 16000 | R41: 113-10-20 | S41: 2400 | T41: 113-10-20 | U41: 2400 | V41: 113-11-20 | W41: 2400 | X41: 45646 | Y41: 2400 | Z41: 114-01-20 | AA41: 2400 | AB41: 114-02-20 | AC41: 2400 | AD41: 114-03-20 | AE41: 2400 | AF41: 114-04-20 | AG41: =AE41 -> 2400 | AH41: 45797 | AI41: =AG41 -> 2400 | AJ41: 45828 | AK41: =AI41 -> 2400 | AL41: 45858 | AM41: =AK41 -> 2400 | AN41: 45889 | AO41: 2400 | AP41: 45920 | CM41: 張翔瑞 | CN41: F126740130 | CO41: 0051161 | CP41: 116005179741 | CQ41: 新北市樹林區俊英街189號5樓 | DH41: =10000-DF41-DD41-DB41-CZ41 -> 10000 | EA41: 顏嘉岑 | EB41: A127312153 | EC41: 0132181 | ED41: 218506127497 | EE41: 翁宜 | EF41: A980038372 | EG41: 配偶
A42: =ROW()-4 -> 38 | B42: 易居 | D42: 易居A2M10400300 | E42: 中止租約 | F42: 45841 | G42: 臺北市大安區忠孝東路四段49巷4弄16號4樓之2 | H42: =MID(G42,4,3) -> 大安區 | I42: 復興段一小段 | J42: 0454-0000 | K42: 03079-000 | L42: 26.65 | M42: 全部 | N42: 45505 | O42: =N42+364 -> 45869 | P42: 27500 | Q42: 16000 | R42: 113-10-20 | S42: 2400 | T42: 113-10-20 | U42: 2400 | V42: 113-11-20 | W42: 2400 | X42: 45646 | Y42: 2400 | Z42: 114-01-20 | AA42: 2400 | AB42: 114-02-20 | AC42: 2400 | AD42: 114-03-20 | AE42: 2400 | AF42: 114-04-20 | AG42: =AE42 -> 2400 | AH42: 45797 | AI42: =AG42 -> 2400 | AJ42: 45828 | AK42: =AI42 -> 2400 | AL42: 45858 | AM42: =AK42 -> 2400 | AN42: 45889 | AO42: 2400 | AP42: 45920 | CM42: 黃怡貞 | CN42: P222578100 | CO42: 0127314 | CP42: 00731168208760 | CQ42: 臺北市中正區仁愛路二段25號5樓 | CR42: 黃雅智 | CS42: F224793886 | CZ42: 1250 | DA42: 113-10-20 | DB42: 1050 | DC42: 113-12-20 | DD42: 4063 | DE42: 45797 | DH42: =10000-DF42-DD42-DB42-CZ42 -> 3637 | EA42: 王馨茌 | EB42: F226881227 | EC42: 1030754 | ED42: 0754501113797
A43: =ROW()-4 -> 39 | B43: 易居 | D43: 易居A2M10400301 | E43: 續約 | G43: 臺北市萬華區環河南路二段280巷18號3樓 | H43: =MID(G43,4,3) -> 萬華區 | I43: 華江段二小段 | J43: 0218-0000 | K43: 01620-000 | L43: 91.23 | M43: 全部 | N43: 45519 | O43: =N43+364 -> 45883 | P43: 23000 | Q43: 16000 | R43: 113-10-20 | S43: 2400 | T43: 113-10-20 | U43: 2400 | V43: 113-11-20 | W43: 2400 | X43: 45646 | Y43: 2400 | Z43: 114-01-20 | AA43: 2400 | AB43: 114-02-20 | AC43: 2400 | AD43: 114-03-20 | AE43: 2400 | AF43: 114-04-20 | AG43: =AE43 -> 2400 | AH43: 45797 | AI43: =AG43 -> 2400 | AJ43: 45828 | AK43: =AI43 -> 2400 | AL43: 45858 | AM43: =AK43 -> 2400 | AN43: 45889 | AO43: 2400 | AP43: 45920 | CM43: 柯俊龍 | CN43: A121769710 | CO43: 0130796 | CP43: 079506111647 | CQ43: 臺北市萬華區環河南路二段280巷18號3樓 | CT43: 3300 | CU43: 113-10-20 | CZ43: 10000 | DA43: 45889 | DH43: =10000-DF43-DD43-DB43-CZ43 -> 0 | EA43: 柯彥祥 | EB43: A130794712 | EC43: 7000021 | ED43: 00017910479096 | EE43: 吳悅蓉 | EF43: F231094861 | EG43: 妻子 | EH43: 柯俊旭 | EI43: N122501437 | EJ43: 父親 | EK43: 李素芬 | EL43: A220404749 | EM43: 母親
A44: =ROW()-4 -> 40 | B44: 易居 | D44: 易居A2M10400302 | E44: 續約 | G44: 臺北市文山區景興路227號4樓 | H44: =MID(G44,4,3) -> 文山區 | I44: 景美段四小段 | J44: 0257-0000 | K44: 02529-000 | L44: 71.47 | M44: 全部 | N44: 45519 | O44: =N44+364 -> 45883 | P44: 25500 | Q44: 16000 | R44: 113-10-20 | S44: 2400 | T44: 113-10-20 | U44: 2400 | V44: 113-11-20 | W44: 2400 | X44: 45646 | Y44: 2400 | Z44: 114-01-20 | AA44: 2400 | AB44: 114-02-20 | AC44: 2400 | AD44: 114-03-20 | AE44: 2400 | AF44: 114-04-20 | AG44: =AE44 -> 2400 | AH44: 45797 | AI44: =AG44 -> 2400 | AJ44: 45828 | AK44: =AI44 -> 2400 | AL44: 45858 | AM44: =AK44 -> 2400 | AN44: 45889 | AO44: 2400 | AP44: 45920 | CM44: 潘偉廉 | CN44: A104347970 | CO44: 0172015 | CP44: 20102061696 | CQ44: 新北市新店區中央路173號5樓 | CT44: 4500 | CU44: 113-10-20 | CZ44: 1150 | DA44: 113-10-20 | DB44: 8850 | DC44: 113-12-20 | DH44: =10000-DF44-DD44-DB44-CZ44 -> 0 | EA44: 宋承諭 | EB44: A129144180 | EC44: 8223120 | ED44: 120540125613 | EE44: 里見奈央 | EF44: A900065679 | EG44: 妻子 | EH44: 宋品綸 | EI44: A133816779 | EJ44: 兒子
A45: =ROW()-4 -> 41 | B45: 易居 | D45: 易居A2M10400321 | E45: 續約 | G45: 臺北市大同區歸綏街148號 | H45: =MID(G45,4,3) -> 大同區 | I45: 雙連段三小段 | J45: 0781-0000/0782-0000/0783-0000/0842-0000 | K45: 01527-000 | L45: 104.35 | M45: 全部 | N45: 45540 | O45: =N45+364 -> 45904 | P45: 30000 | Q45: 16000 | R45: 113-11-20 | S45: 2400 | T45: 113-11-20 | U45: 2400 | V45: 45646 | W45: 2400 | X45: 114-01-20 | Y45: 2400 | Z45: 114-02-20 | AA45: 2400 | AB45: 114-03-20 | AC45: 2400 | AD45: 114-04-20 | AE45: =AC45 -> 2400 | AF45: 45797 | AG45: =AE45 -> 2400 | AH45: 45828 | AI45: =AG45 -> 2400 | AJ45: 45858 | AK45: =AI45 -> 2400 | AL45: 45889 | AM45: 2400 | AN45: 45920 | AO45: 2400 | AP45: 45950 | CM45: 許秀菁 | CN45: Y220421632 | CO45: 0110026 | CP45: 02203000403760 | CQ45: 台北市大同區承德路三段208巷9號 | CT45: 3450 | CU45: 113-11-20 | CZ45: 10000 | DA45: 113-11-20 | DH45: =10000-DF45-DD45-DB45-CZ45 -> 0 | EA45: 賴文君 | EB45: L221027067 | EC45: 1180817 | ED45: 08175000056461
A46: =ROW()-4 -> 42 | B46: 易居 | D46: 易居A2M10400326 | E46: 續約 | G46: 臺北市士林區葫蘆街23巷14號 | H46: =MID(G46,4,3) -> 士林區 | I46: 海光段三小段 | J46: 0402-0000 | K46: 30860-000 | L46: 71.81 | M46: 全部 | N46: 45550 | O46: =N46+364 -> 45914 | P46: 15000 | Q46: 4000 | R46: 113-11-20 | S46: 2400 | T46: 113-11-20 | U46: 2400 | V46: 45646 | W46: 2400 | X46: 114-01-20 | Y46: 2400 | Z46: 114-02-20 | AA46: 2400 | AB46: 114-03-20 | AC46: 2400 | AD46: 114-04-20 | AE46: =AC46 -> 2400 | AF46: 45797 | AG46: =AE46 -> 2400 | AH46: 45828 | AI46: =AG46 -> 2400 | AJ46: 45858 | AK46: =AI46 -> 2400 | AL46: 45889 | AM46: 2400 | AN46: 45920 | AO46: 2400 | AP46: 45950 | CM46: 蕭證元 | CN46: A124073766 | CO46: 8120171 | CP46: 20171590008234 | CQ46: 臺北市士林區葫蘆街23巷14號 | CZ46: 10000 | DA46: 114-01-20 | DH46: =10000-DF46-DD46-DB46-CZ46 -> 0 | EA46: 熊俞揚 | EB46: A126642287 | EC46: 0127211 | ED46: 00721168667964
A47: =ROW()-4 -> 43 | B47: 易居 | D47: 易居A2M10400330 | E47: 續約 | G47: 臺北市北投區中山路28之20號5樓 | H47: =MID(G47,4,3) -> 北投區 | I47: 新民段四小段 | J47: 0391-0000 | K47: 40104-000 | L47: 73.26 | M47: 全部 | N47: 45550 | O47: =N47+364 -> 45914 | P47: 15000 | Q47: 16000 | R47: 113-11-20 | S47: 2400 | T47: 113-11-20 | U47: 2400 | V47: 45646 | W47: 2400 | X47: 114-01-20 | Y47: 2400 | Z47: 114-02-20 | AA47: 2400 | AB47: 114-03-20 | AC47: 2400 | AD47: 114-04-20 | AE47: =AC47 -> 2400 | AF47: 45797 | AG47: =AE47 -> 2400 | AH47: 45828 | AI47: =AG47 -> 2400 | AJ47: 45858 | AK47: =AI47 -> 2400 | AL47: 45889 | AM47: 2400 | AN47: 45920 | AO47: 2400 | AP47: 45950 | CM47: 翁淑華 | CN47: H221142487 | CO47: 7000021 | CP47: 24413621755333 | CQ47: 新北市新莊區新莊路471號3樓 | DH47: =10000-DF47-DD47-DB47-CZ47 -> 10000 | EA47: 陳昭遠 | EB47: F130309601 | EC47: 8220657 | ED47: 657540178447 | EE47: 曹莉瑛 | EF47: F230043039 | EG47: 配偶
A48: =ROW()-4 -> 44 | B48: 易居 | D48: 易居A2M10400345 | E48: 自然中止 | F48: 114-10-04 | G48: 台北市士林區延平北路九段217號2樓 | H48: =MID(G48,4,3) -> 士林區 | I48: 中洲段 | J48: 0573-0000 | K48: 00043-000 | L48: 98.75 | M48: 全部 | N48: 45570 | O48: =N48+364 -> 45934 | P48: 23000 | Q48: 16000 | R48: 45646 | S48: 2400 | T48: 45646 | U48: 2400 | V48: 114-01-20 | W48: 2400 | X48: 114-02-20 | Y48: 2400 | Z48: 114-03-20 | AA48: 2400 | AB48: 114-04-20 | AC48: =AA48 -> 2400 | AD48: 45797 | AE48: =AC48 -> 2400 | AF48: 45828 | AG48: =AE48 -> 2400 | AH48: 45858 | AI48: =AG48 -> 2400 | AJ48: 45889 | AK48: 2400 | AL48: 45920 | AM48: 2400 | AN48: 45950 | AO48: 2400 | AP48: 45981 | CM48: 賴麒升 | CN48: F126290144 | CO48: 0050418 | CP48: 041003137374 | CQ48: 台北市延平北路九段217號2樓 | CZ48: 9000 | DA48: 114-02-20 | DB48: 1000 | DC48: 45828 | DH48: =10000-DF48-DD48-DB48-CZ48 -> 0 | EA48: 潘子豪 | EB48: T125828887 | EC48: 8090197 | ED48: 60190400019800
A49: =ROW()-4 -> 45 | B49: 易居 | D49: 易居A2M10400349 | E49: 續約 | G49: 台北市中山區農安街227巷9弄4號4樓 | H49: =MID(G49,4,3) -> 中山區 | I49: 榮星段七小段 | J49: 0015-0001 | K49: 00216-000 | L49: 89.99 | M49: 全部 | N49: 45612 | O49: =N49+364 -> 45976 | P49: 32000 | Q49: 4000 | R49: 114-01-20 | S49: 2400 | T49: 114-01-20 | U49: 2400 | V49: 114-02-20 | W49: 2400 | X49: 114-03-20 | Y49: 2400 | Z49: 114-04-20 | AA49: =Y49 -> 2400 | AB49: 45797 | AC49: =AA49 -> 2400 | AD49: 45828 | AE49: =AC49 -> 2400 | AF49: 45858 | AG49: =AE49 -> 2400 | AH49: 45889 | AI49: 2400 | AJ49: 45920 | AK49: 2400 | AL49: 45950 | AM49: 2400 | AN49: 45981 | AO49: 2400 | AP49: 46011 | CM49: 陳願宗 | CN49: A125703950 | CO49: 8222123 | CP49: 123540031568 | CQ49: 新北市板橋區環河西路四段2235號10樓 | CR49: 陳明宗 | CS49: A125765003 | CZ49: 3000 | DA49: 114-02-20 | DB49: 2800 | DC49: 45767 | DD49: 4200 | DE49: 45858 | DH49: =10000-DF49-DD49-DB49-CZ49 -> 0 | EA49: 孫愷伶 | EB49: A231055136 | EC49: 8220657 | ED49: 657540134944
A50: =ROW()-4 -> 46 | B50: 易居 | D50: 易居A2M10400357 | E50: 續約 | G50: 臺北市士林區承德路四段48巷3號3樓 | H50: =MID(G50,4,3) -> 士林區 | I50: 百齡段五小段 | J50: 0560-0000 | K50: 50444-000 | L50: 107.65 | M50: 全部 | N50: 45667 | O50: =N50+364 -> 46031 | P50: 22000 | Q50: 4000 | R50: 45736 | S50: 2400 | T50: 45736 | U50: 2400 | V50: 114-04-20 | W50: =U50 -> 2400 | X50: 45797 | Y50: =W50 -> 2400 | Z50: 45828 | AA50: =Y50 -> 2400 | AB50: 45858 | AC50: =AA50 -> 2400 | AD50: 45889 | AE50: 2400 | AF50: 45920 | AG50: 2400 | AH50: 45950 | AI50: 2400 | AJ50: 45981 | AK50: 2400 | AL50: 46011 | AM50: =AK50 -> 2400 | AN50: 115-01-20 | AO50: 2400 | AP50: 115-02-26 | CM50: 葉克柔 | CN50: F222145640 | CO50: 7000021 | CP50: 00012840972597 | CQ50: 新北市汐止區民族五街16號16樓之2 | CT50: 3300 | CU50: 45736 | CZ50: 3493 | DA50: 45797 | DB50: 3150 | DC50: 45981 | DH50: =10000-DF50-DD50-DB50-CZ50 -> 3357 | EA50: 張憶伽 | EB50: G221579661 | EC50: 8223164 | ED50: 164540042561
A51: =ROW()-4 -> 47 | B51: 易居 | D51: 易居A2M10400386 | E51: 中止租約 | F51: 45890 | G51: 臺北市士林區天母東路8巷27號2樓之2 | H51: =MID(G51,4,3) -> 士林區 | I51: 三玉段二小段 | J51: 0090-0000 | K51: 21131-000 | L51: 65.32 | M51: 全部 | N51: 45828 | O51: =N51+364 -> 46192 | P51: 34000 | Q51: 4000 | R51: 45889 | S51: 2400 | T51: 45889 | U51: 2400 | V51: 45920 | W51: 2400 | X51: 45950 | Y51: - | Z51: - | AA51: - | AB51: - | AC51: - | AD51: - | AE51: - | AF51: - | AG51: - | AH51: - | AI51: - | AJ51: - | AK51: - | AL51: - | AM51: - | AN51: - | AO51: - | AP51: - | CM51: 邱珮堯 | CN51: U221271947 | CO51: 8220314 | CP51: 314540483912 | CQ51: 臺北市士林區天母東路8巷27號2樓之2 | CT51: 3300 | CU51: 45889 | DH51: =10000-DF51-DD51-DB51-CZ51 -> 10000 | EA51: 林宜宣 | EB51: F228634182 | EC51: 0127266 | ED51: 00726168475773 | EN51: 李宜蓁 | EO51: C221627202 | EP51: 7000021 | EQ51: 00111110186748
A52: =ROW()-4 -> 48 | B52: 易居 | C52: 116/03 | D52: 易居A2M10400389 | G52: 臺北市萬華區成都路108號8樓之2 | H52: =MID(G52,4,3) -> 萬華區 | I52: 直興段一小段 | J52: 0131-0000 | K52: 01588-000 | L52: 53.35 | M52: 全部 | N52: 45839 | O52: =N52+364 -> 46203 | P52: 24300 | Q52: 4000 | R52: 45920 | S52: 2400 | T52: 45920 | U52: 2400 | V52: 45950 | W52: 2400 | X52: 45981 | Y52: 2400 | Z52: 46011 | AA52: =Y52 -> 2400 | AB52: 115-01-20 | AC52: 2400 | AD52: 115-02-26 | AE52: 2400 | AF52: 46101 | AG52: 2400 | AH52: 46132 | AI52: 2400 | AJ52: 46162 | AK52: =AI52 -> 2400 | AL52: 46195 | AM52: 2400 | AN52: 46223 | AO52: 2400 | AP52: 115-08-20 | CM52: 徐悅哲 | CN52: A126950695 | CO52: 8120919 | CP52: 20911000088628 | CQ52: 臺北市萬華區德昌街262號7樓 | CT52: 3300 | CU52: 45920 | CZ52: 1887 | DA52: 45920 | DB52: 4500 | DC52: 115-01-20 | DH52: =10000-DF52-DD52-DB52-CZ52 -> 3613 | EA52: 陳盈穎 | EB52: A226903536 | EC52: 8222145 | ED52: 145540056770 | EE52: 黃賴菊 | EF52: A201420634 | EG52: 阿嬤
A53: =ROW()-4 -> 49 | B53: 易居 | C53: 117/06 | D53: 易居A2M10400397 | G53: 臺北市內湖區康樂街48巷25號5樓 | H53: 內湖區 | I53: 東湖段一小段 | J53: 0022-0023 | K53: 02793-000 | L53: 108.46 | M53: 全部 | N53: 45870 | O53: 46221 | P53: 23000 | Q53: 4000 | R53: 45950 | S53: 2400 | T53: 45950 | U53: 2400 | V53: 45981 | W53: 2400 | X53: 46011 | Y53: =W53 -> 2400 | Z53: 115-01-20 | AA53: 2400 | AB53: 115-02-26 | AC53: 2400 | AD53: 46101 | AE53: 2400 | AF53: 46132 | AG53: 2400 | AH53: 46162 | AI53: =AG53 -> 2400 | AJ53: 46195 | AK53: 2400 | AL53: 46223 | AM53: 2400 | AN53: 115-08-20 | CM53: 鄭婷華 | CN53: D221519733 | CO53: 0130730 | CP53: 073051008232 | CQ53: 臺北市內湖區內湖路一段591巷11弄4號5樓 | CR53: 吳東翰 | CS53: A130915060 | CZ53: 3000 | DA53: 46162 | DH53: =10000-DF53-DD53-DB53-CZ53 -> 7000 | EA53: 陳奕臻 | EB53: F221559668 | EC53: 7000021 | ED53: 00019110143701 | EE53: 范煜祥 | EF53: A129343610 | EG53: 長子 | EH53: 范明煌 | EI53: A126022972 | EJ53: 次子 | EK53: 范勻瑄 | EL53: A232119120 | EM53: 孫女
A54: =ROW()-4 -> 50 | B54: 易居 | C54: 115/08 | D54: 易居A2M10400410 | G54: 臺北市士林區天母東路8巷27號2樓之2 | H54: 士林區 | I54: 三玉段二小段 | J54: 0090-0000 | K54: 21131-000 | L54: 65.32 | M54: 全部 | N54: 45955 | O54: =N54+337 -> 46292 | P54: 32000 | Q54: 4000 | R54: 46011 | S54: 2400 | T54: 46011 | U54: =S54 -> 2400 | V54: 115-01-20 | W54: 2400 | X54: 115-02-26 | Y54: 2400 | Z54: 46101 | AA54: 2400 | AB54: 46132 | AC54: 2400 | AD54: 46162 | AE54: =AC54 -> 2400 | AF54: 46195 | AG54: 2400 | AH54: 46223 | AI54: 2400 | AJ54: 115-08-20 | CM54: 邱珮堯 | CN54: U221271947 | CO54: 8220314 | CP54: 314540483912 | CQ54: 新北市土城區延安街42號11樓 | CZ54: 1500 | DA54: 115-01-20 | DB54: 1800 | DC54: 115-02-26 | DH54: =10000-DF54-DD54-DB54-CZ54 -> 6700 | EA54: 羅漢欣 | EB54: A125156406 | EC54: 8071077 | ED54: 02600400033168 | EE54: 宋堅妮 | EF54: A900684076 | EG54: 配偶 | EH54: 宋欣妮 | EI54: A270197879 | EJ54: 女兒
A55: =ROW()-4 -> 51 | B55: 易居 | C55: 117/11 | D55: 易居A2M10400417 | G55: 臺北市士林區重慶北路四段49巷20弄8之1號 | H55: 士林區 | I55: 福順段 | J55: 0430-0000 | K55: 30740-000 | L55: 52.89 | M55: 全部 | N55: 46011 | O55: =N55+364 -> 46375 | P55: 17000 | Q55: 4000 | R55: 115-02-26 | S55: 2400 | T55: 115-02-26 | U55: 2400 | V55: 46101 | W55: 2400 | X55: 46132 | Y55: 2400 | Z55: 46162 | AA55: =Y55 -> 2400 | AB55: 46195 | AC55: 2400 | AD55: 46223 | AE55: 2400 | AF55: 115-08-20 | CM55: 謝介俊 | CN55: Q122055441 | CO55: 1080014 | CP55: 001010314231 | CQ55: 臺北市士林區重慶北路四段81號6樓之4 | CZ55: 800 | DA55: 46101 | DH55: =10000-DF55-DD55-DB55-CZ55 -> 9200 | EA55: 張志浚 | EB55: A125499844 | EC55: 0123109 | ED55: 00310168126882
A56: =ROW()-4 -> 52 | B56: 易居 | C56: 116/04 | D56: 易居A2M10400420 | G56: 臺北市士林區延平北路九段217號2樓 | H56: =MID(G56,4,3) -> 士林區 | I56: 榮星段七小段 | J56: 0015-0001 | K56: 00216-000 | L56: 89.99 | M56: 全部 | N56: 46023 | O56: =N56+364 -> 46387 | P56: 21300 | Q56: 4000 | R56: 46101 | S56: 2400 | T56: 46101 | U56: 2400 | V56: 46132 | W56: 2400 | X56: 46162 | Y56: =W56 -> 2400 | Z56: 46195 | AA56: 2400 | AB56: 46223 | AC56: 2400 | AD56: 115-08-20 | CM56: 賴麒升 | CN56: F126290144 | CO56: 0050418 | CP56: 041008129736 | CQ56: 台北市延平北路九段217號2樓 | DH56: =10000-DF56-DD56-DB56-CZ56 -> 10000 | EA56: 曹詠量 | EB56: T126469391 | EC56: 7000021 | ED56: 00710011478756
A57: =ROW()-4 -> 53 | B57: 易居 | D57: 易居A2M10400007-1 | E57: 續約 | G57: 臺北市信義區吳興街361巷23弄3號4樓 | H57: =MID(G57,4,3) -> 信義區 | I57: 吳興段一小段 | J57: 0131-0000 | K57: 00403-000 | L57: 71.82 | M57: 全部 | N57: 45488 | O57: =N57+364 -> 45852 | P57: 20000 | Q57: 4000 | R57: 113-09-20 | S57: 2400 | T57: 113-09-20 | U57: 2400 | V57: 113-10-20 | W57: 2400 | X57: 113-11-20 | Y57: 2400 | Z57: 45646 | AA57: 2400 | AB57: 114-01-20 | AC57: 2400 | AD57: 114-02-20 | AE57: 2400 | AF57: 114-03-20 | AG57: 2400 | AH57: 114-04-20 | AI57: =AG57 -> 2400 | AJ57: 45797 | AK57: =AI57 -> 2400 | AL57: 45828 | AM57: =AK57 -> 2400 | AN57: 45858 | AO57: =AM57 -> 2400 | AP57: 45889 | CM57: 蘇范竹英 | CN57: J201653373 | CO57: 1300156 | CP57: 01500400000037 | CQ57: 新竹縣芎林鄉文山路646巷2號 | DH57: =10000-DF57-DD57-DB57-CZ57 -> 10000 | EA57: 劉月萍 | EB57: J220804998 | EC57: 7000021 | ED57: 00613390629114 | EE57: 蘇光勇 | EF57: J101848647 | EG57: 配偶
A58: =ROW()-4 -> 54 | B58: 易居 | D58: 易居A2M10400011-1 | E58: 自然中止 | F58: 45856 | G58: 臺北市內湖區康樂街48巷25號5樓 | H58: =MID(G58,4,3) -> 內湖區 | I58: 東湖段一小段 | J58: 0022-0023 | K58: 02793-000 | L58: 108.46 | M58: 全部 | N58: 45492 | O58: =N58+364 -> 45856 | P58: 23000 | Q58: 4000 | R58: 113-09-20 | S58: 2400 | T58: 113-09-20 | U58: 2400 | V58: 113-10-20 | W58: 2400 | X58: 113-11-20 | Y58: 2400 | Z58: 45646 | AA58: 2400 | AB58: 114-01-20 | AC58: 2400 | AD58: 114-02-20 | AE58: 2400 | AF58: 114-03-20 | AG58: 2400 | AH58: 114-04-20 | AI58: =AG58 -> 2400 | AJ58: 45797 | AK58: =AI58 -> 2400 | AL58: 45828 | AM58: =AK58 -> 2400 | AN58: 45858 | AO58: =AM58 -> 2400 | AP58: 45889 | CM58: 鄭婷華 | CN58: D221519733 | CO58: 0130730 | CP58: 073051008232 | CQ58: 臺北市內湖區內湖路一段591巷11弄4號5樓 | DH58: =10000-DF58-DD58-DB58-CZ58 -> 10000 | EA58: 陳奕臻 | EB58: F221559668 | EC58: 7000021 | ED58: 00019110143701 | EE58: 范煜祥 | EF58: A129343610 | EG58: 長子 | EH58: 范明煌 | EI58: A126022972 | EJ58: 次子 | EK58: 范勻瑄 | EL58: A232119120 | EM58: 孫女
A59: =ROW()-4 -> 55 | B59: 易居 | D59: 易居A2M10400013-1 | E59: 續約 | G59: 臺北市內湖區內湖路三段59巷7弄3號4樓 | H59: =MID(G59,4,3) -> 內湖區 | I59: 碧湖段一小段 | J59: 0338-0000 | K59: 01044-000 | L59: 85.32 | M59: 全部 | N59: 45505 | O59: =N59+364 -> 45869 | P59: 20000 | Q59: 4000 | R59: 113-10-20 | S59: 2400 | T59: 113-10-20 | U59: 2400 | V59: 113-11-20 | W59: 2400 | X59: 45646 | Y59: 2400 | Z59: 114-01-20 | AA59: 2400 | AB59: 114-02-20 | AC59: 2400 | AD59: 114-03-20 | AE59: 2400 | AF59: 114-04-20 | AG59: =AE59 -> 2400 | AH59: 45797 | AI59: =AG59 -> 2400 | AJ59: 45828 | AK59: =AI59 -> 2400 | AL59: 45858 | AM59: =AK59 -> 2400 | AN59: 45889 | AO59: 2400 | AP59: 45920 | CM59: 鍾問晟 | CN59: H122018264 | CO59: 8220141 | CP59: 141540046580 | CQ59: 臺北市中正區羅斯福路一段99號4樓 | CZ59: 9500 | DA59: 45858 | DH59: =10000-DF59-DD59-DB59-CZ59 -> 500 | EA59: 陳凱雲 | EB59: A224169803 | EC59: 8080129 | ED59: 0129968207878
A60: =ROW()-4 -> 56 | B60: 易居 | D60: 易居A2M10400014-1 | E60: 續約 | G60: 臺北市中山區新生北路三段34號9樓之5 | H60: =MID(G60,4,3) -> 中山區 | I60: 德惠段四小段 | J60: 0570-0000 | K60: 04194-000 | L60: 46.27 | M60: 全部 | N60: 45505 | O60: =N60+364 -> 45869 | P60: 15000 | Q60: 4000 | R60: 113-10-20 | S60: 2400 | T60: 113-10-20 | U60: 2400 | V60: 113-11-20 | W60: 2400 | X60: 45646 | Y60: 2400 | Z60: 114-01-20 | AA60: 2400 | AB60: 114-02-20 | AC60: 2400 | AD60: 114-03-20 | AE60: 2400 | AF60: 114-04-20 | AG60: =AE60 -> 2400 | AH60: 45797 | AI60: =AG60 -> 2400 | AJ60: 45828 | AK60: =AI60 -> 2400 | AL60: 45858 | AM60: =AK60 -> 2400 | AN60: 45889 | AO60: 2400 | AP60: 45920 | CM60: 劉麗珠 | CN60: R222185652 | CO60: 8080211 | CP60: 0211466021130 | CQ60: 臺北市內湖區內湖路二段254號3樓 | DH60: =10000-DF60-DD60-DB60-CZ60 -> 10000 | EA60: 游惠茹 | EB60: A220230641 | EC60: 8220060 | ED60: 060536968601
A61: =ROW()-4 -> 57 | B61: 易居 | D61: 易居A2M10400027-1 | E61: 中止租約 | F61: 45796 | G61: 臺北市大安區敦化南路二段81巷65弄6號3樓 | H61: =MID(G61,4,3) -> 大安區 | I61: 通化段五小段 | J61: 0295-0000 | K61: 00287-000 | L61: 99.64 | M61: 全部 | N61: 45536 | O61: =N61+364 -> 45900 | P61: 35000 | Q61: 4000 | R61: 113-11-20 | S61: 2400 | T61: 113-11-20 | U61: 2400 | V61: 45646 | W61: 2400 | X61: 114-01-20 | Y61: 2400 | Z61: 114-02-20 | AA61: 2400 | AB61: 114-03-20 | AC61: 2400 | AD61: 114-04-20 | AE61: =AC61 -> 2400 | AF61: 45797 | AG61: =AE61 -> 2400 | AH61: 45828 | AI61: =AG61 -> 2400 | AJ61: 45858 | AK61: - | AL61: - | AM61: - | AN61: - | AO61: - | AP61: - | CM61: 姚秋娟 | CN61: F222821494 | CO61: 8080532 | CP61: 0532979092588 | CQ61: 新北市淡水區新市一路一段99巷29號14樓 | CT61: 3300 | CU61: 113-11-20 | DH61: =10000-DF61-DD61-DB61-CZ61 -> 10000 | EA61: 鄭麗英 | EB61: A222036221 | EC61: 7000021 | ED61: 00010100973558 | EE61: 王思涵 | EF61: A224335594 | EG61: 長女 | EH61: 王思淳 | EI61: A225951387 | EJ61: 參女 | EK61: 黃婕凌 | EL61: E227335090 | EM61: 孫女
A62: =ROW()-4 -> 58 | B62: 易居 | D62: 易居A2M10400045-1 | G62: 臺北市士林區天母東路8巷27號2樓之2 | H62: =MID(G62,4,3) -> 士林區 | I62: 三玉段二小段 | J62: 0090-0000 | K62: 21131-000 | L62: 65.32 | M62: 全部 | N62: 45563 | O62: =N62+364 -> 45927 | P62: 30000 | Q62: 4000 | R62: 113-11-20 | S62: 2400 | T62: 113-11-20 | U62: 2400 | V62: 45646 | W62: 2400 | X62: 114-01-20 | Y62: 2400 | Z62: 114-02-20 | AA62: 2400 | AB62: 114-03-20 | AC62: 2400 | AD62: 114-04-20 | AE62: =AC62 -> 2400 | AF62: 45797 | AG62: =AE62 -> 2400 | AH62: 45828 | AI62: =AG62 -> 2400 | AJ62: 45858 | AK62: =AI62 -> 2400 | AL62: 45889 | AM62: 2400 | AN62: 45920 | AO62: 2400 | AP62: 45950 | CM62: 邱珮堯 | CN62: U221271947 | CO62: 8220314 | CP62: 314540483912 | CQ62: 新北市土城區延安街42號11樓 | CT62: 3300 | CU62: 113-11-20 | DH62: =10000-DF62-DD62-DB62-CZ62 -> 10000 | EA62: 楊婭鈺 | EB62: C221378035 | EC62: 8080163 | ED62: 0163979765225
A63: =ROW()-4 -> 59 | B63: 易居 | D63: 易居A2M10400046-1 | E63: 續約 | G63: 臺北市北投區知行路210巷8號 | H63: =MID(G63,4,3) -> 北投區 | I63: 關渡段二小段 | J63: 0475-0000 | K63: 20059-000 | L63: 78.09 | M63: 全部 | N63: 45565 | O63: =N63+364 -> 45929 | P63: 20000 | Q63: 4000 | R63: 113-11-20 | S63: 2400 | T63: 113-11-20 | U63: 2400 | V63: 45646 | W63: 2400 | X63: 114-01-20 | Y63: 2400 | Z63: 114-02-20 | AA63: 2400 | AB63: 114-03-20 | AC63: 2400 | AD63: 114-04-20 | AE63: =AC63 -> 2400 | AF63: 45797 | AG63: =AE63 -> 2400 | AH63: 45828 | AI63: =AG63 -> 2400 | AJ63: 45858 | AK63: =AI63 -> 2400 | AL63: 45889 | AM63: 2400 | AN63: 45920 | AO63: 2400 | AP63: 45950 | CM63: 紀林素卿 | CN63: Y200508512 | CO63: 7000021 | CP63: 00023400273791 | CQ63: 臺北市北投區關渡里4鄰大度路三段301巷61號 | CZ63: 10000 | DA63: 45950 | DH63: =10000-DF63-DD63-DB63-CZ63 -> 0 | EA63: 張菀倫 | EB63: A228496525 | EC63: 0122604 | ED63: 360168306764 | EE63: 莊志祥 | EF63: A124376940 | EG63: 配偶 | EH63: 莊雨霏 | EI63: A233002786 | EJ63: 長女 | EK63: 莊晴嵐 | EL63: A233252713 | EM63: 次女
A64: =ROW()-4 -> 60 | B64: 易居 | D64: 易居A2M10400053-1 | E64: 續約 | G64: 臺北市萬華區艋舺大道55號2樓 | H64: =MID(G64,4,3) -> 萬華區 | I64: 萬華段二小段 | J64: 0648-0000 | K64: 00760-000 | L64: 65.01 | M64: 全部 | N64: 45575 | O64: =N64+364 -> 45939 | P64: 15000 | Q64: 4000 | R64: 45646 | S64: 2400 | T64: 45646 | U64: 2400 | V64: 114-01-20 | W64: 2400 | X64: 114-02-20 | Y64: 2400 | Z64: 114-03-20 | AA64: 2400 | AB64: 114-04-20 | AC64: =AA64 -> 2400 | AD64: 45797 | AE64: =AC64 -> 2400 | AF64: 45828 | AG64: =AE64 -> 2400 | AH64: 45858 | AI64: =AG64 -> 2400 | AJ64: 45889 | AK64: 2400 | AL64: 45920 | AM64: 2400 | AN64: 45950 | AO64: 2400 | AP64: 45981 | CM64: 陳進燈 | CN64: A121882227 | CO64: 7000021 | CP64: 24414220511103 | CQ64: 臺北市萬華區艋舺大道55號2樓 | DH64: =10000-DF64-DD64-DB64-CZ64 -> 10000 | EA64: 劉憓陵 | EB64: H221363413 | EC64: 8080417 | ED64: 0417968133556
A65: =ROW()-4 -> 61 | B65: 易居 | D65: 易居A2M10400060-1 | E65: 續約 | G65: 臺北市內湖區內湖路三段191巷4號5樓 | H65: =MID(G65,4,3) -> 內湖區 | I65: 碧湖段一小段 | J65: 0700-0000 | K65: 00675-000 | L65: 79.7 | M65: 全部 | N65: 45589 | O65: =N65+364 -> 45953 | P65: 17000 | Q65: 4000 | R65: 45646 | S65: 2400 | T65: 45646 | U65: 2400 | V65: 114-01-20 | W65: 2400 | X65: 114-02-20 | Y65: 2400 | Z65: 114-03-20 | AA65: 2400 | AB65: 114-04-20 | AC65: =AA65 -> 2400 | AD65: 45797 | AE65: =AC65 -> 2400 | AF65: 45828 | AG65: =AE65 -> 2400 | AH65: 45858 | AI65: =AG65 -> 2400 | AJ65: 45889 | AK65: 2400 | AL65: 45920 | AM65: 2400 | AN65: 45950 | AO65: 2400 | AP65: 45981 | CM65: 連珮淇 | CN65: F226193820 | CO65: 8220266 | CP65: 266540567261 | CQ65: 新北市新莊區福樂街72巷11號2樓 | CZ65: 10000 | DA65: 45920 | DH65: =10000-DF65-DD65-DB65-CZ65 -> 0 | EA65: 秦忠成 | EB65: A120631566 | EC65: 7000021 | ED65: 00025210200863
A66: =ROW()-4 -> 62 | B66: 易居 | D66: 易居A2M10400064-1 | E66: 續約 | G66: 臺北市中山區中山北路二段137巷1號2樓之1、2樓之2 | H66: =MID(G66,4,3) -> 中山區 | I66: 中山段一小段 | J66: 0822-0000 | K66: 04572-000 | L66: 37.34 | M66: 全部 | N66: 45580 | O66: =N66+364 -> 45944 | P66: 23500 | Q66: 4000 | R66: 45646 | S66: 2400 | T66: 45646 | U66: 2400 | V66: 114-01-20 | W66: 2400 | X66: 114-02-20 | Y66: 2400 | Z66: 114-03-20 | AA66: 2400 | AB66: 114-04-20 | AC66: =AA66 -> 2400 | AD66: 45797 | AE66: =AC66 -> 2400 | AF66: 45828 | AG66: =AE66 -> 2400 | AH66: 45858 | AI66: =AG66 -> 2400 | AJ66: 45889 | AK66: 2400 | AL66: 45920 | AM66: 2400 | AN66: 45950 | AO66: 2400 | AP66: 45981 | CM66: 林岳群 | CN66: A124234296 | CO66: 0051404 | CP66: 140008006233 | CQ66: 臺北市中山區中山北路二段137巷1號2樓之1 | CZ66: 3990 | DA66: 114-01-20 | DB66: 4511 | DC66: 45950 | DD66: 1499 | DE66: 45981 | DH66: =10000-DF66-DD66-DB66-CZ66 -> 0 | EA66: 董乃瑜 | EB66: B221735913 | EC66: 7000021 | ED66: 00216540295118 | EE66: 董南廷 | EF66: B124067321 | EG66: 長子
A67: =ROW()-4 -> 63 | B67: 易居 | D67: 易居A2M10400104-1 | E67: 續約 | G67: 臺北市士林區重慶北路四段49巷20弄8之1號 | H67: =MID(G67,4,3) -> 士林區 | I67: 福順段三小段 | J67: 0430-0000 | K67: 30181-000 | L67: 47.21 | M67: 全部 | N67: 45626 | O67: =N67+364 -> 45990 | P67: 17000 | Q67: 4000 | R67: 114-01-20 | S67: 2400 | T67: 114-01-20 | U67: 2400 | V67: 114-02-20 | W67: 2400 | X67: 114-03-20 | Y67: 2400 | Z67: 114-04-20 | AA67: =Y67 -> 2400 | AB67: 45797 | AC67: =AA67 -> 2400 | AD67: 45828 | AE67: =AC67 -> 2400 | AF67: 45858 | AG67: =AE67 -> 2400 | AH67: 45889 | AI67: 2400 | AJ67: 45920 | AK67: 2400 | AL67: 45950 | AM67: 2400 | AN67: 45981 | AO67: 2400 | AP67: 46011 | CM67: 謝介俊 | CN67: Q122055441 | CO67: 1080014 | CP67: 001010314231 | CQ67: 臺北市士林區重慶北路四段81號6樓之4 | CZ67: 1250 | DA67: 46011 | DB67: 8750 | DC67: 115-01-20 | DH67: =10000-DF67-DD67-DB67-CZ67 -> 0 | EA67: 楊林寶鳳 | EB67: G201154220 | EC67: 7000021 | ED67: 00014210160833 | EE67: 楊正雄 | EF67: Y100268253 | EG67: 配偶
A68: =ROW()-4 -> 64 | B68: 易居 | D68: 易居A2M10400117-1 | E68: 續約 | G68: 台北市中正區重慶南路三段15巷5號3樓 | H68: =MID(G68,4,3) -> 中正區 | I68: 南海段三小段 | J68: 0772-0000 | K68: 00225-000 | L68: 93.31 | M68: 全部 | N68: 45657 | O68: =N68+364 -> 46021 | P68: 29000 | Q68: 4000 | R68: 114-02-20 | S68: 2400 | T68: 114-02-20 | U68: 2400 | V68: 114-03-20 | W68: 2400 | X68: 114-04-20 | Y68: =W68 -> 2400 | Z68: 45797 | AA68: =Y68 -> 2400 | AB68: 45828 | AC68: =AA68 -> 2400 | AD68: 45858 | AE68: =AC68 -> 2400 | AF68: 45889 | AG68: 2400 | AH68: 45920 | AI68: 2400 | AJ68: 45950 | AK68: 2400 | AL68: 45981 | AM68: 2400 | AN68: 46011 | AO68: =AM68 -> 2400 | AP68: 115-01-20 | CM68: 陳裕華 | CN68: A200132573 | CO68: 0071727 | CP68: 17250008556 | CQ68: 台北市中正區重慶南路三段15巷5號3樓 | DH68: =10000-DF68-DD68-DB68-CZ68 -> 10000 | EA68: 黃洪菊妹 | EB68: K200057458 | EC68: 7000021 | ED68: 00010680363558 | EE68: 黃德鏜 | EF68: A103136937 | EG68: 配偶
A69: =ROW()-4 -> 65 | B69: 易居 | C69: 117/11 | D69: 易居A2M10400145-1 | E69: 續約 | G69: 台北市北投區開明街15號4樓 | H69: =MID(G69,4,3) -> 北投區 | I69: 開明段一小段 | J69: 0502-0000 | K69: 10767-000 | L69: 107.19 | M69: 全部 | N69: 45689 | O69: =N69+365 -> 46054 | P69: 18000 | Q69: 4000 | R69: 45767 | S69: 2400 | T69: 45767 | U69: =S69 -> 2400 | V69: 45797 | W69: =U69 -> 2400 | X69: 45828 | Y69: =W69 -> 2400 | Z69: 45858 | AA69: =Y69 -> 2400 | AB69: 45889 | AC69: 2400 | AD69: 45920 | AE69: 2400 | AF69: 45950 | AG69: 2400 | AH69: 45981 | AI69: 2400 | AJ69: 46011 | AK69: =AI69 -> 2400 | AL69: 115-01-20 | AM69: 2400 | AN69: 115-02-26 | AO69: =AM69 -> 2400 | AP69: 46101 | CM69: 蔡梅鶯 | CN69: Q202183893 | CO69: 8160027 | CP69: 00222003270700 | CQ69: 台北市大安區通化街111號6樓 | CZ69: 10000 | DA69: 115-02-26 | DH69: =10000-DF69-DD69-DB69-CZ69 -> 0 | EA69: 吳小芳 | EB69: C220168124 | EC69: 7000021 | ED69: 00024580048810 | EE69: 余浩東 | EF69: F125954194 | EG69: 兒子 | EH69: 余培亞 | EI69: F126565280 | EJ69: 兒子
A70: =ROW()-4 -> 66 | B70: 易居 | C70: 115/10 | D70: 易居A2M10400147-1 | G70: 台北市大同區歸綏街209號4樓之5 | H70: =MID(G70,4,3) -> 大同區 | I70: 延平段一小段 | J70: 0484-0000 | K70: 02473-000 | L70: 66.46 | M70: 全部 | N70: 45703 | O70: =N70+365 -> 46068 | P70: 20000 | Q70: 4000 | R70: 45767 | S70: 2400 | T70: 45767 | U70: =S70 -> 2400 | V70: 45797 | W70: =U70 -> 2400 | X70: 45828 | Y70: =W70 -> 2400 | Z70: 45858 | AA70: =Y70 -> 2400 | AB70: 45889 | AC70: 2400 | AD70: 45920 | AE70: 2400 | AF70: 45950 | AG70: 2400 | AH70: 45981 | AI70: 2400 | AJ70: 46011 | AK70: =AI70 -> 2400 | AL70: 115-01-20 | AM70: 2400 | AN70: 115-02-26 | AO70: 2400 | AP70: 46101 | CM70: 李淑霞 | CN70: A222613639 | CO70: 0130187 | CP70: 018505205789 | CQ70: 新北市三重區永福街179巷24號2樓 | CZ70: 4300 | DA70: 115-02-26 | DH70: =10000-DF70-DD70-DB70-CZ70 -> 5700 | EA70: 蕭碧霞 | EB70: U200322823 | EC70: 7000021 | ED70: 00913110178543
A71: =ROW()-4 -> 67 | B71: 易居 | C71: 116/01 | D71: 易居A2M10400166-1 | G71: 臺北市文山區興隆路四段88號4樓 | H71: =MID(G71,4,3) -> 文山區 | I71: 實踐段二小段 | J71: 0017-0000,0018-0000 | K71: 00430-000 | L71: 76.71 | M71: 全部 | N71: 45741 | O71: =N71+364 -> 46105 | P71: 24000 | Q71: 4000 | R71: 45797 | S71: 2400 | T71: 45797 | U71: =S71 -> 2400 | V71: 45828 | W71: =U71 -> 2400 | X71: 45858 | Y71: =W71 -> 2400 | Z71: 45889 | AA71: 2400 | AB71: 45920 | AC71: 2400 | AD71: 45950 | AE71: 2400 | AF71: 45981 | AG71: 2400 | AH71: 46011 | AI71: =AG71 -> 2400 | AJ71: 115-01-20 | AK71: 2400 | AL71: 115-02-26 | AM71: 2400 | AN71: 46101 | AO71: 2400 | AP71: 46132 | CM71: 李昆山 | CN71: K120321091 | CO71: 7000021 | CP71: 00027039003352 | CQ71: 新北市新店區三民路117巷8弄8號1樓 | CT71: 3300 | CU71: 45797 | DH71: =10000-DF71-DD71-DB71-CZ71 -> 10000 | EA71: 李玉如 | EB71: A222772713 | EC71: 0060936 | ED71: 0936872076226
A72: =ROW()-4 -> 68 | B72: 易居 | D72: 易居A2M10400171-1 | E72: 中止租約 | F72: 45965 | G72: 臺北市士林區重慶北路四段49巷20弄8之1號2樓 | H72: =MID(G72,4,3) -> 士林區 | I72: 福順段三小段 | J72: 0430-0000 | K72: 30740-000 | L72: 52.89 | M72: 全部 | N72: 45731 | O72: =N72+364 -> 46095 | P72: 17500 | Q72: 4000 | R72: 45797 | S72: 2400 | T72: 45797 | U72: =S72 -> 2400 | V72: 45828 | W72: =U72 -> 2400 | X72: 45858 | Y72: =W72 -> 2400 | Z72: 45889 | AA72: 2400 | AB72: 45920 | AC72: 2400 | AD72: 45950 | AE72: 2400 | AF72: 45981 | AG72: 2400 | AH72: 46011 | AI72: =AG72 -> 2400 | AJ72: 115-01-20 | AK72: - | AL72: - | AM72: - | AN72: - | AO72: - | AP72: - | CM72: 謝介俊 | CN72: Q122055441 | CO72: 1080014 | CP72: 001010314231 | CQ72: 臺北市士林區重慶北路四段81號6樓之4 | CZ72: 717 | DA72: 45889 | DH72: =10000-DF72-DD72-DB72-CZ72 -> 9283 | EA72: 陳姵邑 | EB72: A222240323 | EC72: 7000021 | ED72: 00011140527957
A73: =ROW()-4 -> 69 | B73: 易居 | C73: 115/12 | D73: 易居A2M10400176-1 | G73: 臺北市大同區長安西路287號11樓之15 | H73: =MID(G73,4,3) -> 大同區 | I73: 玉泉段二小段 | J73: 0389-0000 | K73: 02911-000 | L73: 53.28 | M73: 全部 | N73: 45741 | O73: =N73+364 -> 46105 | P73: 25000 | Q73: 4000 | R73: 45797 | S73: 2400 | T73: 45797 | U73: =S73 -> 2400 | V73: 45828 | W73: =U73 -> 2400 | X73: 45858 | Y73: =W73 -> 2400 | Z73: 45889 | AA73: 2400 | AB73: 45920 | AC73: 2400 | AD73: 45950 | AE73: 2400 | AF73: 45981 | AG73: 2400 | AH73: 46011 | AI73: =AG73 -> 2400 | AJ73: 115-01-20 | AK73: 2400 | AL73: 115-02-26 | AM73: 2400 | AN73: 46101 | AO73: 2400 | AP73: 46132 | CM73: 王裕貿 | CN73: A125721485 | CO73: 0130420 | CP73: 042508157449 | CQ73: 臺中市西區樂群街270號九樓之1 | CZ73: 10000 | DA73: 115-04-20 | DH73: =10000-DF73-DD73-DB73-CZ73 -> 0 | EA73: 林渝庭 | EB73: E224570024 | EC73: 8220303 | ED73: 303540376522
A74: =ROW()-4 -> 70 | B74: 易居 | C74: 115/12 | D74: 易居A2M10400182-1 | E74: 續約 | G74: 臺北市北投區永興路二段33巷12弄19號2樓 | H74: =MID(G74,4,3) -> 北投區 | I74: 開明段一小段 | J74: 0738-0000 | K74: 10752-000 | L74: 85.76 | M74: 全部 | N74: 45748 | O74: =N74+364 -> 46112 | P74: 15000 | Q74: 4000 | R74: 45828 | S74: 2400 | T74: 45828 | U74: =S74 -> 2400 | V74: 45858 | W74: =U74 -> 2400 | X74: 45889 | Y74: 2400 | Z74: 45920 | AA74: 2400 | AB74: 45950 | AC74: 2400 | AD74: 45981 | AE74: 2400 | AF74: 46011 | AG74: =AE74 -> 2400 | AH74: 115-01-20 | AI74: 2400 | AJ74: 115-02-26 | AK74: 2400 | AL74: 46101 | AM74: 2400 | AN74: 46132 | AO74: 2400 | AP74: 46162 | CM74: 游慈忠 | CN74: G121468956 | CO74: 0127406 | CP74: 00740168914818 | CQ74: 臺北市北投區永興路二段33巷12弄19號2樓 | CZ74: 10000 | DA74: 115-04-20 | DH74: =10000-DF74-DD74-DB74-CZ74 -> 0 | EA74: 吳美緻 | EB74: P220822230 | EC74: 8120861 | ED74: 20861000152206
A75: =ROW()-4 -> 71 | B75: 易居 | C75: 115/03 | D75: 易居A2M10400186-1 | E75: 續約 | G75: 臺北市萬華區長泰街290號2樓 | H75: =MID(G75,4,3) -> 萬華區 | I75: 華中段二小段 | J75: 0856-0000 | K75: 01847-000 | L75: 75.73 | M75: 全部 | N75: 45762 | O75: =N75+364 -> 46126 | P75: 22000 | Q75: 4000 | R75: 45828 | S75: 2400 | T75: 45828 | U75: =S75 -> 2400 | V75: 45858 | W75: =U75 -> 2400 | X75: 45889 | Y75: 2400 | Z75: 45920 | AA75: 2400 | AB75: 45950 | AC75: 2400 | AD75: 45981 | AE75: 2400 | AF75: 46011 | AG75: =AE75 -> 2400 | AH75: 115-01-20 | AI75: 2400 | AJ75: 115-02-26 | AK75: 2400 | AL75: 46101 | AM75: 2400 | AN75: 46132 | AO75: 2400 | AP75: 46162 | CM75: 謝昕倫 | CN75: F221904458 | CO75: 0065355 | CP75: 5355765311421 | CQ75: 新北市中和區景新街328號10樓之1 | DH75: =10000-DF75-DD75-DB75-CZ75 -> 10000 | EA75: 黃亮文 | EB75: A103623319 | EC75: 7000021 | ED75: 00013131283321 | EE75: 洪秀蘭 | EF75: F202337697 | EG75: 配偶 | EH75: 黃仕杰 | EI75: A127294847 | EJ75: 兒子
A76: =ROW()-4 -> 72 | B76: 易居 | C76: 115/12 | D76: 易居A2M10400187-1 | E76: 續約 | G76: 臺北市內湖區康樂街61巷79弄2號2樓 | H76: =MID(G76,4,3) -> 內湖區 | I76: 東湖段一小段 | J76: 0002-0000 | K76: 01451-000 | L76: 80.47 | M76: 全部 | N76: 45762 | O76: =N76+364 -> 46126 | P76: 33000 | Q76: 4000 | R76: 45828 | S76: 2400 | T76: 45828 | U76: =S76 -> 2400 | V76: 45858 | W76: =U76 -> 2400 | X76: 45889 | Y76: 2400 | Z76: 45920 | AA76: 2400 | AB76: 45950 | AC76: 2400 | AD76: 45981 | AE76: 2400 | AF76: 46011 | AG76: =AE76 -> 2400 | AH76: 115-01-20 | AI76: 2400 | AJ76: 115-02-26 | AK76: 2400 | AL76: 46101 | AM76: 2400 | AN76: 46132 | AO76: 2400 | AP76: 46162 | CM76: 劉文啓 | CN76: K121332150 | CO76: 0172370 | CP76: 23710601117 | CQ76: 臺北市中正區臨沂街75巷2之3號2樓之1 | CZ76: 7350 | DA76: 45950 | DH76: =10000-DF76-DD76-DB76-CZ76 -> 2650 | EA76: 李香君 | EB76: A226122675 | EC76: 7000021 | ED76: 00026740169968 | EE76: 張棕傑 | EF76: K121909928 | EG76: 配偶 | EH76: 李閔浩 | EI76: F135495657 | EJ76: 兒子 | EK76: 李茹閑 | EL76: F234870550 | EM76: 女兒
A77: =ROW()-4 -> 73 | B77: 易居 | C77: 116/08 | D77: 易居A2M10400206-1 | G77: 臺北市士林區葫蘆街29巷36號 | H77: =MID(G77,4,3) -> 士林區 | I77: 海光段三小段 | J77: 0409-0000 | K77: 31026-000 | L77: 81.65 | M77: 全部 | N77: 45778 | O77: =N77+364 -> 46142 | P77: 20000 | Q77: 4000 | R77: 45858 | S77: 2400 | T77: 45858 | U77: =S77 -> 2400 | V77: 45889 | W77: 2400 | X77: 45920 | Y77: 2400 | Z77: 45950 | AA77: 2400 | AB77: 45981 | AC77: 2400 | AD77: 46011 | AE77: =AC77 -> 2400 | AF77: 115-01-20 | AG77: 2400 | AH77: 115-02-26 | AI77: 2400 | AJ77: 46101 | AK77: 2400 | AL77: 46132 | AM77: 2400 | AN77: 46162 | AO77: =AM77 -> 2400 | AP77: 46195 | CM77: 陳福海 | CN77: Y100160341 | CO77: 1080041 | CP77: 008010082030 | CQ77: 臺北市士林區延平北路5段245巷2號2樓 | DH77: =10000-DF77-DD77-DB77-CZ77 -> 10000 | EA77: 郭連福 | EB77: A103677737 | EC77: 7000021 | ED77: 00014210961732 | EE77: 張麗春 | EF77: F201400708 | EG77: 妻子
A78: =ROW()-4 -> 74 | B78: 易居 | C78: 116/05 | D78: 易居A2M10400251-1 | E78: 續約 | G78: 台北市大同區重慶北路三段243巷29號4樓 | H78: =MID(G78,4,3) -> 大同區 | I78: 大龍段三小段 | J78: 0518-0000 | K78: 01823-000 | L78: 59.72 | M78: 全部 | N78: 45823 | O78: =N78+364 -> 46187 | P78: 22000 | Q78: 4000 | R78: 45889 | S78: 2400 | T78: 45889 | U78: 2400 | V78: 45920 | W78: 2400 | X78: 45950 | Y78: 2400 | Z78: 45981 | AA78: 2400 | AB78: 46011 | AC78: =AA78 -> 2400 | AD78: 115-01-20 | AE78: 2400 | AF78: 115-02-26 | AG78: 2400 | AH78: 46101 | AI78: 2400 | AJ78: 46132 | AK78: 2400 | AL78: 46162 | AM78: =AK78 -> 2400 | AN78: 46195 | AO78: 2400 | AP78: 46223 | CM78: 趙秀英 | CN78: F290198420 | CO78: 8030010 | CP78: 001501016758 | CQ78: 臺北市大同區重慶北路三段243巷29號4樓 | DH78: =10000-DF78-DD78-DB78-CZ78 -> 10000 | EA78: 高博崇 | EB78: A131051967 | EC78: 0060969 | ED78: 0969765935840 | EE78: 黃蓉郁 | EF78: G220094829 | EG78: 母親
A79: =ROW()-4 -> 75 | B79: 易居 | C79: 115/12 | D79: 易居A2M10400255-1 | E79: 續約 | G79: 臺北市北投區中山路47號5樓之12 | H79: =MID(G79,4,3) -> 北投區 | I79: 新民段一小段 | J79: 0387-0000 | K79: 10993-000 | L79: 32.44 | M79: 全部 | N79: 45818 | O79: =N79+364 -> 46182 | P79: 9700 | Q79: 4000 | R79: 45889 | S79: 2400 | T79: 45889 | U79: 2400 | V79: 45920 | W79: 2400 | X79: 45950 | Y79: 2400 | Z79: 45981 | AA79: 2400 | AB79: 46011 | AC79: =AA79 -> 2400 | AD79: 115-01-20 | AE79: 2400 | AF79: 115-02-26 | AG79: 2400 | AH79: 46101 | AI79: 2400 | AJ79: 46132 | AK79: 2400 | AL79: 46162 | AM79: =AK79 -> 2400 | AN79: 46195 | AO79: 2400 | AP79: 46223 | CM79: 張芳生 | CN79: B120871356 | CO79: 1030949 | CP79: 0949500103895 | CQ79: 臺北市北投區中山路47號5樓之12 | CZ79: 950 | DA79: 45920 | DB79: 1890 | DC79: 45950 | DD79: 7160 | DE79: 46223 | DH79: =10000-DF79-DD79-DB79-CZ79 -> 0 | EA79: 葉少強 | EB79: S123441005 | EC79: 0123604 | ED79: 81680002022911 | EE79: 葉秋煌 | EF79: R103097206 | EG79: 父親 | EH79: 鄭蓉 | EI79: R290011383 | EJ79: 母親
A80: =ROW()-4 -> 76 | B80: 易居 | C80: 116/03 | D80: 易居A2M10400266-1 | G80: 臺北市北投區稻香路229號4樓 | H80: =MID(G80,4,3) -> 北投區 | I80: 桃源段二小段 | J80: 0069-0000 | K80: 21548-000 | L80: 83.28 | M80: 全部 | N80: 45832 | O80: =N80+364 -> 46196 | P80: 31000 | Q80: 4000 | R80: 45889 | S80: 2400 | T80: 45889 | U80: 2400 | V80: 45920 | W80: 2400 | X80: 45950 | Y80: 2400 | Z80: 45981 | AA80: 2400 | AB80: 46011 | AC80: =AA80 -> 2400 | AD80: 115-01-20 | AE80: 2400 | AF80: 115-02-26 | AG80: 2400 | AH80: 46101 | AI80: 2400 | AJ80: 46132 | AK80: 2400 | AL80: 46162 | AM80: =AK80 -> 2400 | AN80: 46195 | AO80: 2400 | AP80: 46223 | CM80: 葉庭吟 | CN80: S224287258 | CO80: 8081056 | CP80: 1056979057693 | CQ80: 臺北市松山區八德路四段758號4樓 | CT80: 4500 | CU80: 45889 | CZ80: 10000 | DA80: 45981 | DH80: =10000-DF80-DD80-DB80-CZ80 -> 0 | EA80: 施仟龍 | EB80: N123108476 | EC80: 8220185 | ED80: 185540132324 | EE80: 伍珮婕 | EF80: T223109443 | EG80: 配偶 | EH80: 施向擎 | EI80: A133140556 | EJ80: 兒子 | EK80: 施采媛 | EL80: A233169955 | EM80: 女兒
A81: =ROW()-4 -> 77 | B81: 易居 | C81: 116/07 | D81: 易居A2M10400297-1 | G81: 臺北市萬華區寶興街140巷5號4樓之2 | H81: =MID(G81,4,3) -> 萬華區 | I81: 雙園段三小段 | J81: 0888-0000 | K81: 02551-000 | L81: 62.85 | M81: 全部 | N81: 45874 | O81: =N81+364 -> 46238 | P81: 23000 | Q81: 4000 | R81: 45950 | S81: 2400 | T81: 45950 | U81: 2400 | V81: 45981 | W81: 2400 | X81: 46011 | Y81: =W81 -> 2400 | Z81: 115-01-20 | AA81: 2400 | AB81: 115-02-26 | AC81: 2400 | AD81: 46101 | AE81: 2400 | AF81: 46132 | AG81: 2400 | AH81: 46162 | AI81: =AG81 -> 2400 | AJ81: 46195 | AK81: 2400 | AL81: 46223 | AM81: 2400 | AN81: 115-08-20 | CM81: 張翔瑞 | CN81: F126740130 | CO81: 0051161 | CP81: 116005179741 | CQ81: 新北市樹林區俊英街189號5樓 | DH81: =10000-DF81-DD81-DB81-CZ81 -> 10000 | EA81: 顏嘉岑 | EB81: A127312153 | EC81: 0132181 | ED81: 218506127497 | EE81: 翁宜 | EF81: A980038372 | EG81: 配偶
A82: =ROW()-4 -> 78 | B82: 易居 | C82: 115/09 | D82: 易居A2M10400301-1 | G82: 臺北市萬華區環河南路二段280巷18號3樓 | H82: =MID(G82,4,3) -> 萬華區 | I82: 華江段二小段 | J82: 0218-0000 | K82: 01620-000 | L82: 91.23 | M82: 全部 | N82: 45884 | O82: =N82+364 -> 46248 | P82: 23000 | Q82: 4000 | R82: 45950 | S82: 2400 | T82: 45950 | U82: 2400 | V82: 45981 | W82: 2400 | X82: 46011 | Y82: =W82 -> 2400 | Z82: 115-01-20 | AA82: 2400 | AB82: 115-02-26 | AC82: 2400 | AD82: 46101 | AE82: 2400 | AF82: 46132 | AG82: 2400 | AH82: 46162 | AI82: =AG82 -> 2400 | AJ82: 46195 | AK82: 2400 | AL82: 46223 | AM82: 2400 | AN82: 115-08-20 | CM82: 柯俊龍 | CN82: A121769710 | CO82: 0130796 | CP82: 079506111647 | CQ82: 臺北市萬華區環河南路二段280巷18號3樓 | DH82: =10000-DF82-DD82-DB82-CZ82 -> 10000 | EA82: 柯彥祥 | EB82: A130794712 | EC82: 7000021 | ED82: 00017910479096 | EE82: 吳悅蓉 | EF82: F231094861 | EG82: 妻子 | EH82: 柯俊旭 | EI82: N122501437 | EJ82: 父親 | EK82: 李素芬 | EL82: A220404749 | EM82: 母親
A83: =ROW()-4 -> 79 | B83: 易居 | C83: 116/05 | D83: 易居A2M10400302-1 | G83: 臺北市文山區景興路227號4樓 | H83: =MID(G83,4,3) -> 文山區 | I83: 景美段四小段 | J83: 0257-0000 | K83: 02529-000 | L83: 71.47 | M83: 全部 | N83: 45884 | O83: =N83+364 -> 46248 | P83: 25500 | Q83: 4000 | R83: 45950 | S83: 2400 | T83: 45950 | U83: 2400 | V83: 45981 | W83: 2400 | X83: 46011 | Y83: =W83 -> 2400 | Z83: 115-01-20 | AA83: 2400 | AB83: 115-02-26 | AC83: 2400 | AD83: 46101 | AE83: 2400 | AF83: 46132 | AG83: 2400 | AH83: 46162 | AI83: =AG83 -> 2400 | AJ83: 46195 | AK83: 2400 | AL83: 46223 | AM83: 2400 | AN83: 115-08-20 | CM83: 潘偉廉 | CN83: A104347970 | CO83: 0172015 | CP83: 20102061696 | CQ83: 新北市新店區中央路173號5樓 | CT83: 3300 | CU83: 45950 | CZ83: 10000 | DA83: 45981 | DH83: =10000-DF83-DD83-DB83-CZ83 -> 0 | EA83: 宋承諭 | EB83: A129144180 | EC83: 8223120 | ED83: 120540125613 | EE83: 里見奈央 | EF83: A900065679 | EG83: 妻子 | EH83: 宋品綸 | EI83: A133816779 | EJ83: 兒子
A84: =ROW()-4 -> 80 | B84: 易居 | C84: 116/07 | D84: 易居A2M10400321-1 | G84: 臺北市大同區歸綏街148號 | H84: =MID(G84,4,3) -> 大同區 | I84: 雙連段三小段 | J84: 0781-0000/0782-0000/0783-0000/0842-0000 | K84: 01527-000 | L84: 104.35 | M84: 全部 | N84: 45905 | O84: =N84+364 -> 46269 | P84: 30000 | Q84: 4000 | R84: 45981 | S84: 2400 | T84: 45981 | U84: 2400 | V84: 46011 | W84: =U84 -> 2400 | X84: 115-01-20 | Y84: 2400 | Z84: 115-02-26 | AA84: 2400 | AB84: 46101 | AC84: 2400 | AD84: 46132 | AE84: 2400 | AF84: 46162 | AG84: =AE84 -> 2400 | AH84: 46195 | AI84: 2400 | AJ84: 46223 | AK84: 2400 | AL84: 115-08-20 | CM84: 許秀菁 | CN84: Y220421632 | CO84: 0110026 | CP84: 02203000403760 | CQ84: 台北市大同區承德路三段208巷9號 | CT84: 4500 | CU84: 45981 | CZ84: 3475 | DA84: 46011 | DB84: 5000 | DC84: 115-01-20 | DH84: =10000-DF84-DD84-DB84-CZ84 -> 1525 | EA84: 賴文君 | EB84: L221027067 | EC84: 1180817 | ED84: 08175000056461
A85: =ROW()-4 -> 81 | B85: 易居 | C85: 115/06 | D85: 易居A2M10400326-1 | G85: 臺北市士林區葫蘆街23巷14號 | H85: =MID(G85,4,3) -> 士林區 | I85: 海光段三小段 | J85: 0402-0000 | K85: 30860-000 | L85: 71.81 | M85: 全部 | N85: 45915 | O85: =N85+350 -> 46265 | P85: 15000 | Q85: 4000 | R85: 45981 | S85: 2400 | T85: 45981 | U85: 2400 | V85: 46011 | W85: =U85 -> 2400 | X85: 115-01-20 | Y85: 2400 | Z85: 115-02-26 | AA85: 2400 | AB85: 46101 | AC85: 2400 | AD85: 46132 | AE85: 2400 | AF85: 46162 | AG85: =AE85 -> 2400 | AH85: 46195 | AI85: 2400 | AJ85: 46223 | AK85: 2400 | AL85: 115-08-20 | CM85: 蕭證元 | CN85: A124073766 | CO85: 8120171 | CP85: 20171590008234 | CQ85: 臺北市士林區葫蘆街23巷14號 | CZ85: 10000 | DA85: 115-01-20 | DH85: =10000-DF85-DD85-DB85-CZ85 -> 0 | EA85: 熊俞揚 | EB85: A126642287 | EC85: 0127211 | ED85: 00721168667964
A86: =ROW()-4 -> 82 | B86: 易居 | C86: 116/08 | D86: 易居A2M10400330-1 | G86: 臺北市北投區中山路28之20號5樓 | H86: =MID(G86,4,3) -> 北投區 | I86: 新民段四小段 | J86: 0391-0000 | K86: 40104-000 | L86: 73.26 | M86: 全部 | N86: 45915 | O86: =N86+364 -> 46279 | P86: 15000 | Q86: 4000 | R86: 45981 | S86: 2400 | T86: 45981 | U86: 2400 | V86: 46011 | W86: =U86 -> 2400 | X86: 115-01-20 | Y86: 2400 | Z86: 115-02-26 | AA86: 2400 | AB86: 46101 | AC86: 2400 | AD86: 46132 | AE86: 2400 | AF86: 46162 | AG86: =AE86 -> 2400 | AH86: 46195 | AI86: 2400 | AJ86: 46223 | AK86: 2400 | AL86: 115-08-20 | CM86: 翁淑華 | CN86: H221142487 | CO86: 7000021 | CP86: 24413621755333 | CQ86: 新北市新莊區新莊路471號3樓 | DH86: =10000-DF86-DD86-DB86-CZ86 -> 10000 | EA86: 陳昭遠 | EB86: F130309601 | EC86: 8220657 | ED86: 657540178447 | EE86: 曹莉瑛 | EF86: F230043039 | EG86: 配偶
A87: =ROW()-4 -> 83 | B87: 易居 | C87: 115/12 | D87: 易居A2M10400349-1 | G87: 台北市中山區農安街227巷9弄4號4樓 | H87: =MID(G87,4,3) -> 中山區 | I87: 榮星段七小段 | J87: 0015-0001 | K87: 00216-000 | L87: 89.99 | M87: 全部 | N87: 45977 | O87: =N87+364 -> 46341 | P87: 32000 | Q87: 4000 | R87: 115-01-20 | S87: 2400 | T87: 115-01-20 | U87: 2400 | V87: 115-02-26 | W87: 2400 | X87: 46101 | Y87: 2400 | Z87: 46132 | AA87: =Y87 -> 2400 | AB87: 46195 | AC87: 2400 | AD87: 46223 | AE87: 2400 | AF87: 115-08-20 | CM87: 陳願宗 | CN87: A125703950 | CO87: 8222123 | CP87: 123540031568 | CQ87: 新北市板橋區環河西路四段2235號10樓 | CR87: 陳明宗 | CS87: A125765003 | CZ87: 1000 | DA87: 115-02-26 | DH87: =10000-DF87-DD87-DB87-CZ87 -> 9000 | EA87: 孫愷伶 | EB87: A231055136 | EC87: 8220657 | ED87: 657540134944
A88: =ROW()-4 -> 84 | B88: 易居 | C88: 115/09 | D88: 易居A2M10400357-1 | G88: 臺北市士林區承德路四段48巷3號3樓 | H88: =MID(G88,4,3) -> 士林區 | I88: 百齡段五小段 | J88: 0560-0000 | K88: 50444-000 | L88: 107.65 | M88: 全部 | N88: 46032 | O88: =N88+364 -> 46396 | P88: 22000 | Q88: 4000 | R88: 46101 | S88: 2400 | T88: 46101 | U88: 2400 | V88: 46132 | W88: 2400 | X88: 46162 | Y88: =W88 -> 2400 | Z88: 46195 | AA88: 2400 | AB88: 46223 | AC88: 2400 | AD88: 115-08-20 | CM88: 葉克柔 | CN88: F222145640 | CO88: 7000021 | CP88: 00012840972597 | CQ88: 新北市汐止區民族五街16號16樓之2 | CT88: 4500 | CU88: 46101 | CZ88: 2986 | DA88: 46162 | DH88: =10000-DF88-DD88-DB88-CZ88 -> 7014 | EA88: 張憶伽 | EB88: G221579661 | EC88: 8223164 | ED88: 164540042561
A89: =ROW()-4 -> 85 | B89: 易居 | C89: 114/04 | D89: 易居A2M10400007-2 | G89: 臺北市信義區吳興街361巷23弄3號4樓 | H89: =MID(G89,4,3) -> 信義區 | I89: 吳興段一小段 | J89: 0131-0000 | K89: 00403-000 | L89: 71.82 | M89: 全部 | N89: 45853 | O89: =N89+364 -> 46217 | P89: 15000 | Q89: 4000 | R89: 45920 | S89: 2400 | T89: 45920 | U89: 2400 | V89: 45950 | W89: 2400 | X89: 45981 | Y89: 2400 | Z89: 46011 | AA89: =Y89 -> 2400 | AB89: 115-01-20 | AC89: 2400 | AD89: 115-02-26 | AE89: 2400 | AF89: 46101 | AG89: 2400 | AH89: 46132 | AI89: 2400 | AJ89: 46162 | AK89: =AI89 -> 2400 | AL89: 46195 | AM89: 2400 | AN89: 46223 | AO89: 2400 | AP89: 115-08-20 | CM89: 蘇范竹英 | CN89: J201653373 | CO89: 1300156 | CP89: 01500400000037 | CQ89: 新竹縣芎林鄉文山路646巷2號 | DH89: =10000-DF89-DD89-DB89-CZ89 -> 10000 | EA89: 劉月萍 | EB89: J220804998 | EC89: 7000021 | ED89: 00613390629114 | EE89: 蘇光勇 | EF89: J101848647 | EG89: 配偶
A90: =ROW()-4 -> 86 | B90: 易居 | C90: 116/09 | D90: 易居A2M10400013-2 | G90: 臺北市內湖區內湖路三段59巷7弄3號4樓 | H90: =MID(G90,4,3) -> 內湖區 | I90: 碧湖段一小段 | J90: 0338-0000 | K90: 01044-000 | L90: 85.32 | M90: 全部 | N90: 45870 | O90: =N90+364 -> 46234 | P90: 20000 | Q90: 4000 | R90: 45950 | S90: 2400 | T90: 45950 | U90: 2400 | V90: 45981 | W90: 2400 | X90: 46011 | Y90: =W90 -> 2400 | Z90: 115-01-20 | AA90: 2400 | AB90: 115-02-26 | AC90: 2400 | AD90: 46101 | AE90: 2400 | AF90: 46132 | AG90: 2400 | AH90: 46162 | AI90: =AG90 -> 2400 | AJ90: 46195 | AK90: 2400 | AL90: 46223 | AM90: 2400 | AN90: 115-08-20 | CM90: 鍾問晟 | CN90: H122018264 | CO90: 8220141 | CP90: 141540046580 | CQ90: 臺北市中正區羅斯福路一段99號4樓 | DH90: =10000-DF90-DD90-DB90-CZ90 -> 10000 | EA90: 陳凱雲 | EB90: A224169803 | EC90: 8080129 | ED90: 0129968207878
A91: 53 | B91: 易居 | C91: 116/05 | D91: 易居A2M10400014-2 | G91: 臺北市中山區新生北路三段34號9樓之5 | H91: 中山區 | I91: 德惠段四小段 | J91: 0570-0000 | K91: 04194-000 | L91: 46.27 | M91: 全部 | N91: 45870 | O91: =N91+364 -> 46234 | P91: 15000 | Q91: 4000 | R91: 45950 | S91: 2400 | T91: 45950 | U91: 2400 | V91: 45981 | W91: 2400 | X91: 46011 | Y91: =W91 -> 2400 | Z91: 115-01-20 | AA91: 2400 | AB91: 115-02-26 | AC91: 2400 | AD91: 46101 | AE91: 2400 | AF91: 46132 | AG91: 2400 | AH91: 46162 | AI91: =AG91 -> 2400 | AJ91: 46195 | AK91: 2400 | AL91: 46223 | AM91: 2400 | AN91: 115-08-20 | CM91: 劉麗珠 | CN91: R222185652 | CO91: 8080211 | CP91: 0211466021130 | CQ91: 臺北市內湖區內湖路二段254號3樓 | DH91: 10000 | EA91: 游惠茹 | EB91: A220230641 | EC91: 8220060 | ED91: 060536968601
A92: =ROW()-4 -> 88 | B92: 易居 | C92: 117/08 | D92: 易居A2M10400046-2 | G92: 臺北市北投區知行路210巷8號 | H92: =MID(G92,4,3) -> 北投區 | I92: 關渡段二小段 | J92: 0475-0000 | K92: 20059-000 | L92: 78.09 | M92: 全部 | N92: 45930 | O92: =N92+364 -> 46294 | P92: 20000 | Q92: 4000 | R92: 45981 | S92: 2400 | T92: 45981 | U92: 2400 | V92: 46011 | W92: =U92 -> 2400 | X92: 115-01-20 | Y92: 2400 | Z92: 115-02-26 | AA92: 2400 | AB92: 46101 | AC92: 2400 | AD92: 46132 | AE92: 2400 | AF92: 46162 | AG92: =AE92 -> 2400 | AH92: 46195 | AI92: 2400 | AJ92: 46223 | AK92: 2400 | AL92: 115-08-20 | CM92: 紀林素卿 | CN92: Y200508512 | CO92: 7000021 | CP92: 00023400273791 | CQ92: 臺北市北投區關渡里4鄰大度路三段301巷61號 | CZ92: 1250 | DA92: 46011 | DH92: =10000-DF92-DD92-DB92-CZ92 -> 8750 | EA92: 張菀倫 | EB92: A228496525 | EC92: 0122604 | ED92: 360168306764 | EE92: 莊志祥 | EF92: A124376940 | EG92: 配偶 | EH92: 莊雨霏 | EI92: A233002786 | EJ92: 長女 | EK92: 莊晴嵐 | EL92: A233252713 | EM92: 次女
A93: =ROW()-4 -> 89 | B93: 易居 | C93: 117/06 | D93: 易居A2M10400053-2 | G93: 臺北市萬華區艋舺大道55號2樓 | H93: =MID(G93,4,3) -> 萬華區 | I93: 萬華段二小段 | J93: 0648-0000 | K93: 00760-000 | L93: 65.01 | M93: 全部 | N93: 45940 | O93: =N93+364 -> 46304 | P93: 15000 | Q93: 4000 | R93: 46011 | S93: 2400 | T93: 46011 | U93: =S93 -> 2400 | V93: 115-01-20 | W93: 2400 | X93: 115-02-26 | Y93: 2400 | Z93: 46101 | AA93: 2400 | AB93: 46132 | AC93: 2400 | AD93: 46162 | AE93: =AC93 -> 2400 | AF93: 46195 | AG93: 2400 | AH93: 46223 | AI93: 2400 | AJ93: 115-08-20 | CM93: 陳進燈 | CN93: A121882227 | CO93: 7000021 | CP93: 24414220511103 | CQ93: 臺北市萬華區艋舺大道55號2樓 | CZ93: 850 | DA93: 46011 | DH93: =10000-DF93-DD93-DB93-CZ93 -> 9150 | EA93: 劉憓陵 | EB93: H221363413 | EC93: 8080417 | ED93: 0417968133556
A94: =ROW()-4 -> 90 | B94: 易居 | C94: 117/06 | D94: 易居A2M10400060-2 | G94: 臺北市內湖區內湖路三段191巷4號5樓 | H94: =MID(G94,4,3) -> 內湖區 | I94: 碧湖段一小段 | J94: 0700-0000 | K94: 00675-000 | L94: 79.7 | M94: 全部 | N94: 45954 | O94: =N94+364 -> 46318 | P94: 18000 | Q94: 4000 | R94: 46011 | S94: 2400 | T94: 46011 | U94: =S94 -> 2400 | V94: 115-01-20 | W94: 2400 | X94: 115-02-26 | Y94: 2400 | Z94: 46101 | AA94: 2400 | AB94: 46132 | AC94: 2400 | AD94: 46162 | AE94: =AC94 -> 2400 | AF94: 46195 | AG94: 2400 | AH94: 46223 | AI94: 2400 | AJ94: 115-08-20 | CM94: 連珮淇 | CN94: F226193820 | CO94: 8220266 | CP94: 266540567261 | CQ94: 新北市新莊區福樂街72巷11號2樓 | DH94: =10000-DF94-DD94-DB94-CZ94 -> 10000 | EA94: 秦忠成 | EB94: A120631566 | EC94: 7000021 | ED94: 00025210200863
A95: =ROW()-4 -> 91 | B95: 易居 | C95: 117/09 | D95: 易居A2M10400064-2 | G95: 臺北市中山區中山北路二段137巷1號2樓之1、2樓之2 | H95: =MID(G95,4,3) -> 中山區 | I95: 中山段一小段 | J95: 0822-0000 | K95: 04572-000 | L95: 37.34 | M95: 全部 | N95: 45945 | O95: =N95+364 -> 46309 | P95: 23500 | Q95: 4000 | R95: 46011 | S95: 2400 | T95: 46011 | U95: =S95 -> 2400 | V95: 115-01-20 | W95: 2400 | X95: 115-02-26 | Y95: 2400 | Z95: 46101 | AA95: 2400 | AB95: 46132 | AC95: 2400 | AD95: 46162 | AE95: =AC95 -> 2400 | AF95: 46195 | AG95: 2400 | AH95: 46223 | AI95: 2400 | AJ95: 115-08-20 | CM95: 林岳群 | CN95: A124234296 | CO95: 0051404 | CP95: 140008006233 | CQ95: 臺北市中山區中山北路二段137巷1號2樓之1 | CZ95: 850 | DA95: 115-01-20 | DB95: 821 | DC95: 115-07-20 | DH95: =10000-DF95-DD95-DB95-CZ95 -> 8329 | EA95: 董乃瑜 | EB95: B221735913 | EC95: 7000021 | ED95: 00216540295118 | EE95: 董南廷 | EF95: B124067321 | EG95: 長子
A96: =ROW()-4 -> 92 | B96: 易居 | C96: 115/09 | D96: 易居A2M10400104-2 | G96: 臺北市士林區重慶北路四段49巷20弄8之1號 | H96: =MID(G96,4,3) -> 士林區 | I96: 福順段三小段 | J96: 0430-0000 | K96: 30181-000 | L96: 47.21 | M96: 全部 | N96: 45991 | O96: =N96+364 -> 46355 | P96: 17500 | Q96: 4000 | R96: 115-01-20 | S96: 2400 | T96: 115-01-20 | U96: 2400 | V96: 115-02-26 | W96: 2400 | X96: 46101 | Y96: =W96 -> 2400 | Z96: 46132 | AA96: 2400 | AB96: 46162 | AC96: =AA96 -> 2400 | AD96: 46195 | AE96: 2400 | AF96: 46223 | AG96: 2400 | AH96: 115-08-20 | CM96: 謝介俊 | CN96: Q122055441 | CO96: 1080014 | CP96: 001010314231 | CQ96: 臺北市士林區重慶北路四段81號6樓之4 | DH96: =10000-DF96-DD96-DB96-CZ96 -> 10000 | EA96: 楊林寶鳳 | EB96: G201154220 | EC96: 7000021 | ED96: 00014210160833 | EE96: 楊正雄 | EF96: Y100268253 | EG96: 配偶
A97: =ROW()-4 -> 93 | B97: 易居 | C97: 115/11 | D97: 易居A2M10400117-2 | G97: 台北市中正區重慶南路三段15巷5號3樓 | H97: =MID(G97,4,3) -> 中正區 | I97: 南海段三小段 | J97: 0772-0000 | K97: 00225-000 | L97: 93.31 | M97: 全部 | N97: 46022 | O97: =N97+364 -> 46386 | P97: 29000 | Q97: 4000 | R97: 115-02-26 | S97: 2400 | T97: 115-02-26 | U97: 2400 | V97: 46101 | W97: =U97 -> 2400 | X97: 46132 | Y97: 2400 | Z97: 46162 | AA97: =Y97 -> 2400 | AB97: 46195 | AC97: 2400 | AD97: 46223 | AE97: 2400 | AF97: 115-08-20 | CM97: 陳裕華 | CN97: A200132573 | CO97: 0071727 | CP97: 17250008556 | CQ97: 台北市中正區重慶南路三段15巷5號3樓 | DH97: =10000-DF97-DD97-DB97-CZ97 -> 10000 | EA97: 黃洪菊妹 | EB97: K200057458 | EC97: 7000021 | ED97: 00010680363558 | EE97: 黃德鏜 | EF97: A103136937 | EG97: 配偶
A98: =ROW()-4 -> 94 | B98: 易居 | C98: 117/11 | D98: 易居A2M10400145-2 | G98: 台北市北投區開明街15號4樓 | H98: =MID(G98,4,3) -> 北投區 | I98: 開明段一小段 | J98: 0502-0000 | K98: 10767-000 | L98: 107.19 | M98: 全部 | N98: 46054 | O98: =N98+364 -> 46418 | P98: 18000 | Q98: 4000 | R98: 46132 | S98: 2400 | T98: 46132 | U98: 2400 | V98: 46162 | W98: =U98 -> 2400 | X98: 46195 | Y98: 2400 | Z98: 46223 | AA98: 2400 | AB98: 115-08-20 | CM98: 蔡梅鶯 | CN98: Q202183893 | CO98: 8160027 | CP98: 00222003270700 | CQ98: 台北市大安區通化街111號6樓 | CZ98: 800 | DA98: 115-04-20 | DH98: =10000-DF98-DD98-DB98-CZ98 -> 9200 | EA98: 吳小芳 | EB98: C220168124 | EC98: 7000021 | ED98: 00024580048810 | EE98: 余浩東 | EF98: F125954194 | EG98: 兒子 | EH98: 余培亞 | EI98: F126565280 | EJ98: 兒子
A99: =ROW()-4 -> 95 | B99: 易居 | C99: 116/01 | D99: 易居A2M10400166-2 | G99: 臺北市文山區興隆路四段88號4樓 | H99: =MID(G99,4,3) -> 文山區 | I99: 實踐段二小段 | J99: 0017-0000,0018-0000 | K99: 00430-000 | L99: 76.71 | M99: 全部 | N99: 46106 | O99: =N99+364 -> 46470 | P99: 24000 | Q99: 4000 | R99: 46162 | S99: 2400 | T99: 46162 | U99: =S99 -> 2400 | V99: 46195 | W99: 2400 | X99: 46223 | Y99: 2400 | Z99: 115-08-20 | CM99: 李昆山 | CN99: K120321091 | CO99: 7000021 | CP99: 00027039003352 | CQ99: 新北市新店區三民路117巷8弄8號1樓 | CT99: 3300 | CU99: 46195 | DH99: =10000-DF99-DD99-DB99-CZ99 -> 10000 | EA99: 李玉如 | EB99: A222772713 | EC99: 0060936 | ED99: 0936872076226
A100: =ROW()-4 -> 96 | B100: 易居 | C100: 115/12 | D100: 易居A2M10400176-2 | G100: 臺北市大同區長安西路287號11樓之15 | H100: =MID(G100,4,3) -> 大同區 | I100: 玉泉段二小段 | J100: 0389-0000 | K100: 02911-000 | L100: 53.28 | M100: 全部 | N100: 46106 | O100: =N100+364 -> 46470 | P100: 25000 | Q100: 4000 | R100: 46162 | S100: 2400 | T100: 46162 | U100: =S100 -> 2400 | V100: 46195 | W100: 2400 | X100: 46223 | Y100: 2400 | Z100: 115-08-20 | CM100: 王裕貿 | CN100: A125721485 | CO100: 0130420 | CP100: 042508157449 | CQ100: 臺中市西區樂群街270號九樓之1 | DH100: =10000-DF100-DD100-DB100-CZ100 -> 10000 | EA100: 林渝庭 | EB100: E224570024 | EC100: 8220303 | ED100: 303540376522
...

Sheet 包租 
A1: 序號 | B1: 業者 | C1: 轉期/換居 | D1: 代租代管 | G1: 租賃契約資料 | S1: 業者 | CU1: 房東 | EI1: 房客
D2: 媒合編號 | E2: 異動原因 (例：自然終止、中止租約) | F2: 自然/中止租約日期(xxx-xx-xx) | G2: 房屋座落地址 | H2: 行政區 | I2: 地段 | J2: 地號(xxxx-xxxx/xxxx-xxxx) | K2: 建號(xxxxx-xxxx) | L2: 謄本面積 (m²) | M2: 租賃範圍 (全部/部分) | N2: 轉租 約起日(xxx/xx/xx) | O2: 轉租 約訖日(xxx/xx/xx) | P2: 包租 約起日(xxx/xx/xx) | Q2: 包租 約訖日(xxx/xx/xx) | R2: 簽約租金 | S2: 開發費 | U2: 公證費(1) | W2: 公證費(2) | Y2: 公證費(3) | AA2: 第一年包管費 | AY2: 第二年包管費 | BW2: 第三年包管費 | CU2: 房東姓名(代表人) | CV2: 基本資料 | CZ2: 房東姓名(共有人/共有人) | DA2: 身分證(共有人/共有人) | DB2: 修繕費 | DJ2: 修繕費餘額 | DK2: 第一年保險 | DM2: 修繕費 | DU2: 修繕費餘額 | DV2: 第二年保險 | DX2: 修繕費 | EF2: 修繕費餘額 | EG2: 第三年保險 | EI2: 代表人匯款資料 | EM2: 代表人家庭成員 | EV2: 共住人/共住人匯款資料 | FA2: 共住人家庭成員 | FD2: 公證費(1) | FF2: 公證費(2) | FH2: 公證費(3) | FJ2: 第一年租金補貼 | GH2: 第二年租金補貼 | HF2: 第三年租金補貼
S3: 開發費 | T3: 撥款日期(xxx-xx-xx) | U3: 公證費 | V3: 撥款日期(xxx-xx-xx) | W3: 公證費 | X3: 撥款日期 | Y3: 公證費 | Z3: 撥款日期 | AA3: 第一期 | AC3: 第二期 | AE3: 第三期 | AG3: 第四期 | AI3: 第五期 | AK3: 第六期 | AM3: 第七期 | AO3: 第八期 | AQ3: 第九期 | AS3: 第十期 | AU3: 第十一期 | AW3: 第十二期 | AY3: 第十三期 | BA3: 第十四期 | BC3: 第十五期 | BE3: 第十六期 | BG3: 第十七期 | BI3: 第十八期 | BK3: 第十九期 | BM3: 第二十期 | BO3: 第二十一期 | BQ3: 第二十二期 | BS3: 第二十三期 | BU3: 第二十四期 | BW3: 第二十五期 | BY3: 第二十六期 | CA3: 第二十七期 | CC3: 第二十八期 | CE3: 第二十九期 | CG3: 第三十期 | CI3: 第三十一期 | CK3: 第三十二期 | CM3: 第三十三期 | CO3: 第三十四期 | CQ3: 第三十五期 | CS3: 第三十六期 | CV3: 身分證(代表人) | CW3: 銀行代碼 (7碼) | CX3: 帳號 | CY3: 通訊地址 | DB3: 第一年(1) | DD3: 第一年(2) | DF3: 第一年(3) | DH3: 第一年(4) | DK3: 保險金額 | DL3: 撥款日期(xxx-xx-xx) | DM3: 第二年(1) | DO3: 第二年(2) | DQ3: 第二年(3) | DS3: 第二年(4) | DV3: 保險金額 | DW3: 撥款日期 | DX3: 第三年(1) | DZ3: 第三年(2) | EB3: 第三年(3) | ED3: 第三年(4) | EG3: 保險金額 | EH3: 撥款日期 | EI3: 房客姓名 | EJ3: 身分證 | EK3: 銀行代碼 (7碼) | EL3: 帳號 | EM3: 親屬姓名(1) | EP3: 親屬姓名(2) | ES3: 親屬姓名(3) | EV3: 房客姓名 | EW3: 身分別 | EX3: 身分證 | EY3: 銀行代碼 (7碼) | EZ3: 帳號 | FA3: 親屬姓名 | FD3: 公證費 | FE3: 撥款日期(xxx-xx-xx) | FF3: 公證費 | FG3: 撥款日期 | FH3: 公證費 | FI3: 撥款日期 | FJ3: 第一期 | FL3: 第二期 | FN3: 第三期 | FP3: 第四期 | FR3: 第五期 | FT3: 第六期 | FV3: 第七期 | FX3: 第八期 | FZ3: 第九期 | GB3: 第十期 | GD3: 第十一期 | GF3: 第十二期 | GH3: 第十三期 | GJ3: 第十四期 | GL3: 第十五期 | GN3: 第十六期 | GP3: 第十七期 | GR3: 第十八期 | GT3: 第十九期 | GV3: 第二十期 | GX3: 第二十一期 | GZ3: 第二十二期 | HB3: 第二十三期 | HD3: 第二十四期 | HF3: 第二十五期 | HH3: 第二十六期 | HJ3: 第二十七期 | HL3: 第二十八期 | HN3: 第二十九期 | HP3: 第三十期 | HR3: 第三十一期 | HT3: 第三十二期 | HV3: 第三十三期 | HX3: 第三十四期 | HZ3: 第三十五期 | IB3: 第三十六期
AA4: 包管費 | AB4: 撥款日期(xxx-xx-xx) | AC4: 包管費 | AD4: 撥款日期(xxx-xx-xx) | AE4: 包管費 | AF4: 撥款日期(xxx-xx-xx) | AG4: 包管費 | AH4: 撥款日期(xxx-xx-xx) | AI4: 包管費 | AJ4: 撥款日期(xxx-xx-xx) | AK4: 包管費 | AL4: 撥款日期(xxx-xx-xx) | AM4: 包管費 | AN4: 撥款日期(xxx-xx-xx) | AO4: 包管費 | AP4: 撥款日期(xxx-xx-xx) | AQ4: 包管費 | AR4: 撥款日期(xxx-xx-xx) | AS4: 包管費 | AT4: 撥款日期(xxx-xx-xx) | AU4: 包管費 | AV4: 撥款日期(xxx-xx-xx) | AW4: 包管費 | AX4: 撥款日期(xxx-xx-xx) | AY4: 包管費 | AZ4: 撥款日期 | BA4: 包管費 | BB4: 撥款日期 | BC4: 包管費 | BD4: 撥款日期 | BE4: 包管費 | BF4: 撥款日期 | BG4: 包管費 | BH4: 撥款日期 | BI4: 包管費 | BJ4: 撥款日期 | BK4: 包管費 | BL4: 撥款日期 | BM4: 包管費 | BN4: 撥款日期 | BO4: 包管費 | BP4: 撥款日期 | BQ4: 包管費 | BR4: 撥款日期 | BS4: 包管費 | BT4: 撥款日期 | BU4: 包管費 | BV4: 撥款日期 | BW4: 包管費 | BX4: 撥款日期 | BY4: 包管費 | BZ4: 撥款日期 | CA4: 包管費 | CB4: 撥款日期 | CC4: 包管費 | CD4: 撥款日期 | CE4: 包管費 | CF4: 撥款日期 | CG4: 包管費 | CH4: 撥款日期 | CI4: 包管費 | CJ4: 撥款日期 | CK4: 包管費 | CL4: 撥款日期 | CM4: 包管費 | CN4: 撥款日期 | CO4: 包管費 | CP4: 撥款日期 | CQ4: 包管費 | CR4: 撥款日期 | CS4: 包管費 | CT4: 撥款日期 | DB4: 修繕費 | DC4: 撥款日期(xxx-xx-xx) | DD4: 修繕費 | DE4: 撥款日期(xxx-xx-xx) | DF4: 修繕費 | DG4: 撥款日期(xxx-xx-xx) | DH4: 修繕費 | DI4: 撥款日期(xxx-xx-xx) | DM4: 修繕費 | DN4: 撥款日期 | DO4: 修繕費 | DP4: 撥款日期 | DQ4: 修繕費 | DR4: 撥款日期 | DS4: 修繕費 | DT4: 撥款日期 | DX4: 修繕費 | DY4: 撥款日期 | DZ4: 修繕費 | EA4: 撥款日期 | EB4: 修繕費 | EC4: 撥款日期 | ED4: 修繕費 | EE4: 撥款日期 | EM4: 姓名 | EN4: 身分證 | EO4: 與代表人關係 | EP4: 姓名 | EQ4: 身分證 | ER4: 與代表人關係 | ES4: 姓名 | ET4: 身分證 | EU4: 與代表人關係 | FA4: 姓名 | FB4: 身分證 | FC4: 與代表人關係 | FJ4: 租金補貼 | FK4: 撥款日期(xxx-xx-xx) | FL4: 租金補貼 | FM4: 撥款日期(xxx-xx-xx) | FN4: 租金補貼 | FO4: 撥款日期(xxx-xx-xx) | FP4: 租金補貼 | FQ4: 撥款日期(xxx-xx-xx) | FR4: 租金補貼 | FS4: 撥款日期(xxx-xx-xx) | FT4: 租金補貼 | FU4: 撥款日期(xxx-xx-xx) | FV4: 租金補貼 | FW4: 撥款日期(xxx-xx-xx) | FX4: 租金補貼 | FY4: 撥款日期(xxx-xx-xx) | FZ4: 租金補貼 | GA4: 撥款日期(xxx-xx-xx) | GB4: 租金補貼 | GC4: 撥款日期(xxx-xx-xx) | GD4: 租金補貼 | GE4: 撥款日期(xxx-xx-xx) | GF4: 租金補貼 | GG4: 撥款日期(xxx-xx-xx) | GH4: 租金補貼 | GI4: 撥款日期 | GJ4: 租金補貼 | GK4: 撥款日期 | GL4: 租金補貼 | GM4: 撥款日期 | GN4: 租金補貼 | GO4: 撥款日期 | GP4: 租金補貼 | GQ4: 撥款日期 | GR4: 租金補貼 | GS4: 撥款日期 | GT4: 租金補貼 | GU4: 撥款日期 | GV4: 租金補貼 | GW4: 撥款日期 | GX4: 租金補貼 | GY4: 撥款日期 | GZ4: 租金補貼 | HA4: 撥款日期 | HB4: 租金補貼 | HC4: 撥款日期 | HD4: 租金補貼 | HE4: 撥款日期 | HF4: 租金補貼 | HG4: 撥款日期 | HH4: 租金補貼 | HI4: 撥款日期 | HJ4: 租金補貼 | HK4: 撥款日期 | HL4: 租金補貼 | HM4: 撥款日期 | HN4: 租金補貼 | HO4: 撥款日期 | HP4: 租金補貼 | HQ4: 撥款日期 | HR4: 租金補貼 | HS4: 撥款日期 | HT4: 租金補貼 | HU4: 撥款日期 | HV4: 租金補貼 | HW4: 撥款日期 | HX4: 租金補貼 | HY4: 撥款日期 | HZ4: 租金補貼 | IA4: 撥款日期 | IB4: 租金補貼 | IC4: 撥款日期
A5: =ROW()-4 -> 1 | B5: 易居 | C5: 0 | D5: 易居A2M30400102 | E5: 續約 | G5: 臺北市萬華區成都路81號10樓之14 | H5: 萬華區 | I5: 福星段 | J5: 0577-0000 | K5: 02499-000 | L5: 36.01 | M5: 全部 | N5: 113/06/05 | O5: 114/06/04 | P5: 113/06/05 | Q5: 116/06/04 | R5: 16000 | S5: 24000 | T5: 113-07-31 | U5: 3300 | V5: 113-07-31 | AA5: 4000 | AB5: 113-07-31 | AC5: 4000 | AD5: 113-09-20 | AE5: 4000 | AF5: 113-10-20 | AG5: 4000 | AH5: 113-11-20 | AI5: 4000 | AJ5: 113-12-20 | AK5: 4000 | AL5: 114-01-20 | AM5: 4000 | AN5: 114-02-20 | AO5: 4000 | AP5: 45736 | AQ5: 4000 | AR5: 114-04-20 | AS5: 4000 | AT5: 45797 | AU5: =AS5 -> 4000 | AV5: 45828 | AW5: =AU5 -> 4000 | AX5: 45858 | CU5: 許裕昌 | CV5: P120068912 | CW5: 7000021 | CX5: 00013270402720 | CY5: 臺北市大安區和平東路二段311巷43弄7號15樓 | DJ5: =10000-DH5-DF5-DD5-DB5 -> 10000 | DK5: 1330 | DL5: 113-09-20 | EI5: 周品妍 | EJ5: F230132291 | EK5: 7000021 | EL5: 24410900014196
A6: =ROW()-4 -> 2 | B6: 易居 | C6: 0 | D6: 易居A2M30400124 | E6: 中止租約 | F6: 115-05-15 | G6: 臺北市北投區西安街一段187號3樓 | H6: =MID(G6,4,3) -> 北投區 | I6: 文林段三小段 | J6: 0271-0000 | K6: 33722-000 | L6: 58.92 | M6: 全部 | N6: 113/09/15 | O6: 115/09/14 | P6: 113/09/15 | Q6: 115/09/14 | R6: 10000 | S6: =24000/4 -> 6000 | T6: 113-11-20 | U6: 3200 | V6: 113-11-20 | AA6: 4000 | AB6: 113-11-20 | AC6: 4000 | AD6: 113-12-20 | AE6: 4000 | AF6: 114-01-20 | AG6: 4000 | AH6: 114-02-20 | AI6: 4000 | AJ6: 45736 | AK6: 4000 | AL6: 114-04-20 | AM6: 4000 | AN6: 45797 | AO6: =AM6 -> 4000 | AP6: 45828 | AQ6: =AO6 -> 4000 | AR6: 45858 | AS6: =AQ6 -> 4000 | AT6: 45889 | AU6: =AS6 -> 4000 | AV6: 45920 | AW6: 4000 | AX6: 45950 | AY6: 4000 | AZ6: 45981 | BA6: 4000 | BB6: 46011 | BC6: =BA6 -> 4000 | BD6: 115-01-20 | BE6: 4000 | BF6: 115-02-26 | BG6: =BE6 -> 4000 | BH6: 115-03-20 | BI6: =BG6 -> 4000 | BJ6: 46132 | BK6: 4000 | BL6: 46162 | BM6: 4000 | BN6: 46195 | BO6: 4000 | BP6: 46223 | BQ6: - | BR6: - | BS6: - | BT6: - | BU6: - | BV6: - | BW6: - | BX6: - | BY6: - | BZ6: - | CA6: - | CB6: - | CC6: - | CD6: - | CE6: - | CF6: - | CG6: - | CH6: - | CI6: - | CJ6: - | CK6: - | CL6: - | CM6: - | CN6: - | CO6: - | CP6: - | CQ6: - | CR6: - | CS6: - | CT6: - | CU6: 陳凱倫 | CV6: A224443751 | CW6: 0124209 | CX6: 00420168168607 | CY6: 臺北市北投區石牌里7鄰西安街一段187號3樓 | DB6: 10000 | DC6: 45920 | DJ6: =10000-DH6-DF6-DD6-DB6 -> 0 | EI6: 李采庭 | EJ6: Q222595399 | EK6: 0130187 | EL6: 018505511545 | EM6: 黃國軒 | EN6: A132510465 | EO6: 長男 | EP6: 黃唯禎 | EQ6: A232090997 | ER6: 長女
A7: =ROW()-4 -> 3 | B7: 易居 | C7: 0 | D7: 易居A2M30400102-1 | G7: 臺北市萬華區成都路81號10樓之14 | H7: 萬華區 | I7: 福星段 | J7: 0577-0000 | K7: 02499-000 | L7: 36.01 | M7: 全部 | N7: 45813 | O7: =N7+364 -> 46177 | P7: 113/06/05 | Q7: 116/06/04 | R7: 16000 | S7: 6000 | T7: 45889 | U7: - | V7: - | W7: 4500 | X7: 45889 | AA7: - | AB7: - | AC7: - | AD7: - | AE7: - | AF7: - | AG7: - | AH7: - | AI7: - | AJ7: - | AK7: - | AL7: - | AM7: - | AN7: - | AO7: - | AP7: - | AQ7: - | AR7: - | AS7: - | AT7: - | AU7: - | AV7: - | AW7: - | AX7: - | AY7: 4000 | AZ7: 45889 | BA7: =AY7 -> 4000 | BB7: 45920 | BC7: 4000 | BD7: 45950 | BE7: 4000 | BF7: 45981 | BG7: 4000 | BH7: 46011 | BI7: =BG7 -> 4000 | BJ7: 115-01-20 | BK7: 4000 | BL7: 115-02-26 | BM7: =BK7 -> 4000 | BN7: 115-03-20 | BO7: =BM7 -> 4000 | BP7: 46132 | BQ7: 4000 | BR7: 46162 | BS7: 4000 | BT7: 46193 | BU7: 4000 | BV7: 46223 | BW7: 4000 | BX7: 115-08-20 | CU7: 許裕昌 | CV7: P120068912 | CW7: 7000021 | CX7: 00013270402720 | CY7: 臺北市大安區和平東路二段311巷43弄7號15樓 | DJ7: =10000-DH7-DF7-DD7-DB7 -> 10000 | DK7: 1436 | DL7: 114-09-20 | EI7: 周品妍 | EJ7: F230132291 | EK7: 7000021 | EL7: 24410900014196
D49: 各計 | S49: =SUM(S5:S48) -> 36000 | U49: =SUM(U5:U48) -> 6500 | AA49: =SUM(AA5:AA48) -> 8000 | AC49: =SUM(AC5:AC48) -> 8000 | AE49: =SUM(AE5:AE48) -> 8000 | AG49: =SUM(AG5:AG48) -> 8000 | AI49: =SUM(AI5:AI48) -> 8000 | AK49: =SUM(AK5:AK48) -> 8000 | AM49: =SUM(AM5:AM48) -> 8000 | AO49: =SUM(AO5:AO48) -> 8000 | AQ49: =SUM(AQ5:AQ48) -> 8000 | AS49: =SUM(AS5:AS48) -> 8000 | AU49: =SUM(AU5:AU48) -> 8000 | AW49: =SUM(AW5:AW48) -> 8000 | DB49: =SUM(DB5:DB48) -> 10000 | DD49: =SUM(DD5:DD48) -> 0 | DF49: =SUM(DF5:DF48) -> 0 | DH49: =SUM(DH5:DH48) -> 0 | DK49: =SUM(DK5:DK48) -> 2766 | FD49: =SUM(FD5:FD48) -> 0 | FJ49: =SUM(FJ5:FJ48) -> 0 | FL49: =SUM(FL5:FL48) -> 0 | FN49: =SUM(FN5:FN48) -> 0 | FP49: =SUM(FP5:FP48) -> 0 | FR49: =SUM(FR5:FR48) -> 0 | FT49: =SUM(FT5:FT48) -> 0 | FV49: =SUM(FV5:FV48) -> 0 | FX49: =SUM(FX5:FX48) -> 0 | FZ49: =SUM(FZ5:FZ48) -> 0 | GB49: =SUM(GB5:GB48) -> 0 | GD49: =SUM(GD5:GD48) -> 0 | GF49: =SUM(GF5:GF48) -> 0
D50: 總計 | AA50: =SUM(AA49:AX49) -> 96000 | DB50: =SUM(DB49:DH49) -> 10000 | FD50: =SUM(FD49,U49) -> 6500 | FJ50: =SUM(FJ49:GG49) -> 0
D51: 本期 | S51: =SUM(#REF!) -> #REF! | AA51: =SUM(#REF!) -> #REF! | FD51: =SUM(#REF!) -> #REF!
D52: 本期(代＋包) | FD52: =FD51+'代租 '!EU6 -> #REF! | FJ52: =FJ51+'代租 '!FA257 -> 0
